BANK,IFSC,MICR,BRANCH,ADDRESS,CONTACT,CITY,DISTRICT,STATE
"THE RAJASTHAN STATE COOPERATIVE BANK LIMITED",RSCB0039099,325811000,"BARAN KENDRIYA SAHAKARI BANKLTD","HEAD OFFICE,SAHAKAR BHAWAN,POLICE LINE ROAD,KOTA ROAD,BARAN PIN CODE 325205",9649900190,BARAN,BARAN,RAJASTHAN
"THE RAJASTHAN STATE COOPERATIVE BANK LIMITED",RSCB0039009,325811034,"BARAN KENDRIYA SAHAKARI BANKLTD","BRANCH SHAHBAD PIN CODE 325217",9649900177,BARAN,BARAN,RAJASTHAN
"THE RAJASTHAN STATE COOPERATIVE BANK LIMITED",RSCB0039008,325811033,"BARAN KENDRIYA SAHAKARI BANKLTD","BRANCH SISWALI PIN CODE 325206",9649900187,BARAN,BARAN,RAJASTHAN
"THE RAJASTHAN STATE COOPERATIVE BANK LIMITED",RSCB0039007,325811031,"BARAN KENDRIYA SAHAKARI BANKLTD","BRANCH BHANWARGARH PIN CODE 325216",9649900182,BARAN,BARAN,RAJASTHAN
"THE RAJASTHAN STATE COOPERATIVE BANK LIMITED",RSCB0039006,325811032,"BARAN KENDRIYA SAHAKARI BANKLTD","BRANCH MANGROL PIN CODE 325215",9649900185,BARAN,BARAN,RAJASTHAN
"THE RAJASTHAN STATE COOPERATIVE BANK LIMITED",RSCB0039005,325811028,"BARAN KENDRIYA SAHAKARI BANKLTD","BRANCH CHHIPABAROD PIN CODE 325221",7665008166,BARAN,BARAN,RAJASTHAN
"THE RAJASTHAN STATE COOPERATIVE BANK LIMITED",RSCB0039004,325811027,"BARAN KENDRIYA SAHAKARI BANKLTD","BRANCH CHHABRA PIN CODE 325220",9649900181,BARAN,BARAN,RAJASTHAN
"THE RAJASTHAN STATE COOPERATIVE BANK LIMITED",RSCB0039003,325811029,"BARAN KENDRIYA SAHAKARI BANKLTD","BRANCH ATRU PIN CODE 325218",9649900175,BARAN,BARAN,RAJASTHAN
"THE RAJASTHAN STATE COOPERATIVE BANK LIMITED",RSCB0039002,325811030,"BARAN KENDRIYA SAHAKARI BANKLTD","BRANCH ANTA PIN CODE 325202",9649900183,BARAN,BARAN,RAJASTHAN
"THE RAJASTHAN STATE COOPERATIVE BANK LIMITED",RSCB0039001,325811002,"BARAN KENDRIYA SAHAKARI BANKLTD","BRANCH BARAN,NEAR NAGAR PALIKA,BARAN PIN CODE 325205",9649900179,BARAN,BARAN,RAJASTHAN
"THE RAJASTHAN STATE COOPERATIVE BANK LIMITED",RSCB0038099,335807000,"HANUMANGARH KENDRIYA SAHAKARI BANK","PLOT 53A,OPP CIRCUIT HOUSE,HANUMANGARH JN",0,HANUMANGARH,HANUMANGARH,RAJASTHAN
"THE RAJASTHAN STATE COOPERATIVE BANK LIMITED",RSCB0038016,NA,HANUMANGARH,"BRANCH GORKHANA,ADDRESS V.P.O.GORKHANA,PIN 335524",0,HANUMANGARH,HANUMANGARH,RAJASTHAN
"THE RAJASTHAN STATE COOPERATIVE BANK LIMITED",RSCB0038015,335807119,"HANUMANGARH KENDRIYA SAHAKARI BANK","V.P.O.NINAN,PIN335511",9587022722,HANUMANGARH,HANUMANGARH,RAJASTHAN
"THE RAJASTHAN STATE COOPERATIVE BANK LIMITED",RSCB0038014,335807118,"HANUMANGARH KENDRIYA SAHAKARI BANK","V.P.O.DUNGRANA,PIN335502",282190,HANUMANGARH,HANUMANGARH,RAJASTHAN
"THE RAJASTHAN STATE COOPERATIVE BANK LIMITED",RSCB0038013,335807117,"HANUMANGARH KENDRIYA SAHAKARI BANK","V.P.O.THALARKA,PIN335524",234462,HANUMANGARH,HANUMANGARH,RAJASTHAN
"THE RAJASTHAN STATE COOPERATIVE BANK LIMITED",RSCB0038012,335807116,"HANUMANGARH KENDRIYA SAHAKARI BANK","V.P.O.UTTRADABAAS,PIN335501",9587022721,HANUMANGARH,HANUMANGARH,RAJASTHAN
"THE RAJASTHAN STATE COOPERATIVE BANK LIMITED",RSCB0038011,335807113,"HANUMANGARH KENDRIYA SAHAKARI BANK","V.P.O.GOLUWALA,PIN335802",250093,HANUMANGARH,HANUMANGARH,RAJASTHAN
"THE RAJASTHAN STATE COOPERATIVE BANK LIMITED",RSCB0038010,335807114,"HANUMANGARH KENDRIYA SAHAKARI BANK","V.P.O.PALLU,PIN335524",220030,HANUMANGARH,HANUMANGARH,RAJASTHAN
"THE RAJASTHAN STATE COOPERATIVE BANK LIMITED",RSCB0038009,335807115,"HANUMANGARH KENDRIYA SAHAKARI BANK","STATION ROAD,GOGAMEDI,PIN335504",240139,HANUMANGARH,HANUMANGARH,RAJASTHAN
"THE RAJASTHAN STATE COOPERATIVE BANK LIMITED",RSCB0038008,335807301,"HANUMANGARH KENDRIYA SAHAKARI BANK","MAIN MARKET,TIBBI,PIN335524",234024,HANUMANGARH,HANUMANGARH,RAJASTHAN
"THE RAJASTHAN STATE COOPERATIVE BANK LIMITED",RSCB0038007,335807103,"HANUMANGARH KENDRIYA SAHAKARI BANK","SHARMA BUILDING,BHAGAT SINGH CHOWK,HANUMANGARH JN.PIN335513",69410,HANUMANGARH,HANUMANGARH,RAJASTHAN
"THE RAJASTHAN STATE COOPERATIVE BANK LIMITED",RSCB0038006,335807202,"HANUMANGARH KENDRIYA SAHAKARI BANK","LATTA KATLA,MAIN BAZAR,NOHAR,PIN335524",220040,HANUMANGARH,HANUMANGARH,RAJASTHAN
"THE RAJASTHAN STATE COOPERATIVE BANK LIMITED",RSCB0038005,335807050,"HANUMANGARH KENDRIYA SAHAKARI BANK","10B,DHAN MANDI,SANGRIYA,PIN335063",250182,HANUMANGARH,HANUMANGARH,RAJASTHAN
"THE RAJASTHAN STATE COOPERATIVE BANK LIMITED",RSCB0038004,335807110,"HANUMANGARH KENDRIYA SAHAKARI BANK","DHAN MANDI,PILIBANGA,PIN335803",233065,HANUMANGARH,HANUMANGARH,RAJASTHAN
"THE RAJASTHAN STATE COOPERATIVE BANK LIMITED",RSCB0038003,335807112,"HANUMANGARH KENDRIYA SAHAKARI BANK","MAIN BAZAR,NEAR MURTI CHOWK,BHADRA,PIN335501",222016,HANUMANGARH,HANUMANGARH,RAJASTHAN
"THE RAJASTHAN STATE COOPERATIVE BANK LIMITED",RSCB0038002,335807111,"HANUMANGARH KENDRIYA SAHAKARI BANK","MATORIYA BUILDING,RAWATSAR,PIN335524",250058,HANUMANGARH,HANUMANGARH,RAJASTHAN
"THE RAJASTHAN STATE COOPERATIVE BANK LIMITED",RSCB0038001,335807102,"HANUMANGARH KENDRIYA SAHAKARI BANK","NEAR PANCHAYAT SAMITI,HANUMANGARH TOWN,PIN335513",222512,HANUMANGARH,HANUMANGARH,RAJASTHAN
"THE RAJASTHAN STATE COOPERATIVE BANK LIMITED",RSCB0037099,303832000,"DAUSA KENDRIYA SAHAKARI BANKLTD","SAHKAR BHAWAN,KHAN BHANKARI ROAD303303",223250,DAUSA,DAUSA,RAJASTHAN
"THE RAJASTHAN STATE COOPERATIVE BANK LIMITED",RSCB0037009,303832010,"DAUSA KENDRIYA SAHKARI BANK LTD.,  DAUSA","NEAR SBI, BANDIKUI RAD, SIKANDARA DAUSA-303326",9785644227,DAUSA,DAUSA,RAJASTHAN
"THE RAJASTHAN STATE COOPERATIVE BANK LIMITED",RSCB0037008,NA,DAUSA,"RAHUWAS GSS COMPOUND,VPO RAHUWAS,TEH LALSOT 303505",0,DAUSA,DAUSA,RAJASTHAN
"THE RAJASTHAN STATE COOPERATIVE BANK LIMITED",RSCB0037007,303832008,"DAUSA KENDRIYA SAHAKARI BANKLTD","PRABHU DAYAL SONI KA MAKAAN,CHAUPAR,RAMGARH,PACHWARA.303510",9785644513,DAUSA,DAUSA,RAJASTHAN
"THE RAJASTHAN STATE COOPERATIVE BANK LIMITED",RSCB0037006,303832007,"DAUSA KENDRIYA SAHAKARI BANKLTD","GANDHI CHAUK,GARH ROAD,MANDAWARMAHUA ROAD MANDAWAR.321609",260100,DAUSA,DAUSA,RAJASTHAN
"THE RAJASTHAN STATE COOPERATIVE BANK LIMITED",RSCB0037005,303832006,"DAUSA KENDRIYA SAHAKARI BANKLTD","FLAG KE NICHE,MAHUA321608",233244,DAUSA,DAUSA,RAJASTHAN
"THE RAJASTHAN STATE COOPERATIVE BANK LIMITED",RSCB0037004,303832005,"DAUSA KENDRIYA SAHAKARI BANKLTD","DAU JI KE MANDIR KE PAAS,SIKRAY 303508",254207,DAUSA,DAUSA,RAJASTHAN
"THE RAJASTHAN STATE COOPERATIVE BANK LIMITED",RSCB0037003,303832004,"DAUSA KENDRIYA SAHAKARI BANKLTD","PATNI PETROL PUMP,KE SAMNE,KATHOON ROAD CHAUHRA,LALSOAT.303504",222015,DAUSA,DAUSA,RAJASTHAN
"THE RAJASTHAN STATE COOPERATIVE BANK LIMITED",RSCB0037002,303832003,"DAUSA KENDRIYA SAHAKARI BANKLTD","SIKANDRA ROAD,BANDIKUI.303713",222085,DAUSA,DAUSA,RAJASTHAN
"THE RAJASTHAN STATE COOPERATIVE BANK LIMITED",RSCB0037001,303832002,"DAUSA KENDRIYA SAHAKARI BANKLTD","KREYVIKRAY,SAHKARI SAMITI PARISAR,NAYA KATLA,MANGANJ,DAUSA303303",230067,DAUSA,DAUSA,RAJASTHAN
"THE RAJASTHAN STATE COOPERATIVE BANK LIMITED",RSCB0036099,345710001,"THE JAISALMER CENTRAL COOP BANK LTD","77,CVS COLONY,JAISALMER345001",9001297663,JAISALMER,JAISALMER,RAJASTHAN
"THE RAJASTHAN STATE COOPERATIVE BANK LIMITED",RSCB0036008,345710029,"THE JAISALMER CENTRAL COOP BANK LTD","MAIN MARKET,VILAGE AND POST RAMGARH 345022",9001297657,JAISALMER,JAISALMER,RAJASTHAN
"THE RAJASTHAN STATE COOPERATIVE BANK LIMITED",RSCB0036007,345710032,"THE JAISALMER CENTRAL COOP BANK LTD","MAIN MARKET,NEAR SENIOR SECONDARY SCHOOL RAJMATHAI,345025",9001297644,JAISALMER,JAISALMER,RAJASTHAN
"THE RAJASTHAN STATE COOPERATIVE BANK LIMITED",RSCB0036006,345710030,"THE JAISALMER CENTRAL COOP BANK LTD","NEAR HANUMAAN TEMPLE,VILAGE AND POST SULTANA 345001",9001297659,JAISALMER,JAISALMER,RAJASTHAN
"THE RAJASTHAN STATE COOPERATIVE BANK LIMITED",RSCB0036005,345710031,"THE JAISALMER CENTRAL COOP BANK LTD","NEAR PANCHAYAT BHAWAN RAMDEORA 345023",9001297654,JAISALMER,JAISALMER,RAJASTHAN
"THE RAJASTHAN STATE COOPERATIVE BANK LIMITED",RSCB0036004,345710028,"THE JAISALMER CENTRAL COOP BANK LTD","MAIN MARKET MOHANGARH 345029",9001297658,JAISALMER,JAISALMER,RAJASTHAN
"THE RAJASTHAN STATE COOPERATIVE BANK LIMITED",RSCB0036003,345710027,"THE JAISALMER CENTRAL COOP BANK LTD","NEAR GATE OF FORT MAIN MARKET NACHNA",9001297656,JAISALMER,JAISALMER,RAJASTHAN
"THE RAJASTHAN STATE COOPERATIVE BANK LIMITED",RSCB0036002,345710026,"THE JAISALMER CENTRAL COOP BANK LTD","GHODON KA CHOWK,NEAR PUBLIC PARK,POKARAN 345012",9001297654,JAISALMER,JAISALMER,RAJASTHAN
"THE RAJASTHAN STATE COOPERATIVE BANK LIMITED",RSCB0036001,345710002,"THE JAISALMER CENTRAL COOP BANK LTD","SHARDA PARA JAISALMER345001",9001297653,JAISALMER,JAISALMER,RAJASTHAN
"THE RAJASTHAN STATE COOPERATIVE BANK LIMITED",RSCB0035099,313578000,"THE UDAIPUR CENTRAL COOP BANK LTD","IST FLOOR,U.C.C.BANK BUILDING,185186,BAPU BAZAR,SHASTRI CIRCLE,UDAIPUR 313 001",2414853,UDAIPUR,UDAIPUR,RAJASTHAN
"THE RAJASTHAN STATE COOPERATIVE BANK LIMITED",RSCB0035020,313578032,GIRWA,"TRANSPORT NAGAR, AHEMDABAD ROAD, BALICHA",9928013622,UDAIPUR,UDAIPUR,RAJASTHAN
"THE RAJASTHAN STATE COOPERATIVE BANK LIMITED",RSCB0035019,313578031,LASADIYA,"MAIN MARKET, NEAR LASADIA LAMPS, LASADIYA",9928013642,UDAIPUR,UDAIPUR,RAJASTHAN
"THE RAJASTHAN STATE COOPERATIVE BANK LIMITED",RSCB0035018,WAITING,SARADA,"NEAR BUS STAND, TEHSIL SARADA",9785716157,UDAIPUR,UDAIPUR,RAJASTHAN
"THE RAJASTHAN STATE COOPERATIVE BANK LIMITED",RSCB0035017,313578004,"THE UDAIPUR CENTRAL COOP BANK LTD","MOKSH MARG SHASTRI CIRCLE DISTT.UDAIPUR 313001",2412005,UDAIPUR,UDAIPUR,RAJASTHAN
"THE RAJASTHAN STATE COOPERATIVE BANK LIMITED",RSCB0035016,313578009,"THE UDAIPUR CENTRAL COOP BANK LTD","INSIDE MEWAR PUBLIC SCHOOL GOGUNDA DISTT.UDAIPUR 313705",282023,UDAIPUR,UDAIPUR,RAJASTHAN
"THE RAJASTHAN STATE COOPERATIVE BANK LIMITED",RSCB0035015,313578011,"THE UDAIPUR CENTRAL COOP BANK LTD","OPPOSITE PANCHAYAT SAMITI DHARIYAWAD,DISTT.UDAIPUR 313605",270288,UDAIPUR,UDAIPUR,RAJASTHAN
"THE RAJASTHAN STATE COOPERATIVE BANK LIMITED",RSCB0035013,313578029,"THE UDAIPUR CENTRAL COOP BANK LTD","BUS STAND RAILMAGRA DISTT.RAJSAMAND 313329",267223,RAJSAMAND,RAJSAMAND,RAJASTHAN
"THE RAJASTHAN STATE COOPERATIVE BANK LIMITED",RSCB0035012,313578101,"THE UDAIPUR CENTRAL COOP BANK LTD","OPPOSITE OLD HOSPITAL MOHANGARH NATHDWARA DISTT.RAJSAMAND 313301",234166,RAJSAMAND,RAJSAMAND,RAJASTHAN
"THE RAJASTHAN STATE COOPERATIVE BANK LIMITED",RSCB0035011,313578008,"THE UDAIPUR CENTRAL COOP BANK LTD","CHUNGI NAAKA SALUMBAR DISTT.UDAIPUR 313027",233437,UDAIPUR,UDAIPUR,RAJASTHAN
"THE RAJASTHAN STATE COOPERATIVE BANK LIMITED",RSCB0035010,313578010,"THE UDAIPUR CENTRAL COOP BANK LTD","JHADOL BUS STAND,JHADOL DISTT.UDAIPUR 313702",220008,UDAIPUR,UDAIPUR,RAJASTHAN
"THE RAJASTHAN STATE COOPERATIVE BANK LIMITED",RSCB0035009,313578028,"THE UDAIPUR CENTRAL COOP BANK LTD","KOTWADI CHABUTARA NEAR PORWAD BHAVAN DEOGARH DISTT.RAJSAMAND 313331",252052,RAJSAMAND,RAJSAMAND,RAJASTHAN
"THE RAJASTHAN STATE COOPERATIVE BANK LIMITED",RSCB0035008,313578002,"THE UDAIPUR CENTRAL COOP BANK LTD","MAIN MARKET BAPU BAZAR NEAR BANK CHORAHA DISTT.UDAIPUR 313001",2422647,UDAIPUR,UDAIPUR,RAJASTHAN
"THE RAJASTHAN STATE COOPERATIVE BANK LIMITED",RSCB0035007,313578003,"THE UDAIPUR CENTRAL COOP BANK LTD","BADGAON DISTT.UDAIPUR 313011",2450509,UDAIPUR,UDAIPUR,RAJASTHAN
"THE RAJASTHAN STATE COOPERATIVE BANK LIMITED",RSCB0035006,313578006,"THE UDAIPUR CENTRAL COOP BANK LTD","INSIDE HITA GATE MOCHIWADA BHINDER DISTT.UDAIPUR 313603",250229,UDAIPUR,UDAIPUR,RAJASTHAN
"THE RAJASTHAN STATE COOPERATIVE BANK LIMITED",RSCB0035005,313578026,"THE UDAIPUR CENTRAL COOP BANK LTD","LAXMI BAZAR NEAR SBBJ NEAR GANDHI CHABTERE AMET DISTT.RAJSAMAND 313332",250049,RAJSAMAND,RAJSAMAND,RAJASTHAN
"THE RAJASTHAN STATE COOPERATIVE BANK LIMITED",RSCB0035004,313578007,"THE UDAIPUR CENTRAL COOP BANK LTD","OPPOSITE GOVT.GENERAL HOSPITAL RISHABDEV DISTT.UDAIPUR 313802",230029,UDAIPUR,UDAIPUR,RAJASTHAN
"THE RAJASTHAN STATE COOPERATIVE BANK LIMITED",RSCB0035003,313578025,"THE UDAIPUR CENTRAL COOP BANK LTD","MUKHARJI CHOWK BHILWADA ROAD PAGARIYA MARKET KANKROLI DISTT.RAJSAMAND 313324",231195,RAJSAMAND,RAJSAMAND,RAJASTHAN
"THE RAJASTHAN STATE COOPERATIVE BANK LIMITED",RSCB0035002,313578005,"THE UDAIPUR CENTRAL COOP BANK LTD","NAYA BAZAR NEAR NEHRU PARK FATEHNAGAR DISTT.UDAIPUR 313205",220045,UDAIPUR,UDAIPUR,RAJASTHAN
"THE RAJASTHAN STATE COOPERATIVE BANK LIMITED",RSCB0035001,313578027,"THE UDAIPUR CENTRAL COOP BANK LTD","TAHSIL ROAD BHIM DISTT.RAJSAMAND 305921",250322,RAJSAMAND,RAJSAMAND,RAJASTHAN
"THE RAJASTHAN STATE COOPERATIVE BANK LIMITED",RSCB0034099,304820000,"THE CENTARAL COOP BANK LTD","KISAN SEHKHAR BHAWAN,CIVIL LINES,TONK304001",0,TONK,TONK,RAJASTHAN
"THE RAJASTHAN STATE COOPERATIVE BANK LIMITED",RSCB0034011,304820033,"THE CENTARAL COOP BANK LTD","BUS STAND K PASS PEPLU304801",278323,TONK,TONK,RAJASTHAN
"THE RAJASTHAN STATE COOPERATIVE BANK LIMITED",RSCB0034010,NA,"THE CENTARAL COOP BANK LTD","GHANTA GHAR BRANCH,TAUNK304001",0,TONK,TONK,RAJASTHAN
"THE RAJASTHAN STATE COOPERATIVE BANK LIMITED",RSCB0034009,304820032,"THE CENTARAL COOP BANK LTD","MOTI MEHRA KA MAKAAN,BAHIRU GI K CHAUK KE PAAS,DOONI304802",235256,TONK,TONK,RAJASTHAN
"THE RAJASTHAN STATE COOPERATIVE BANK LIMITED",RSCB0034008,304820026,"THE CENTARAL COOP BANK LTD","BANASTHALI VIDYAPEETH,UNIVERSITY CAMPUS,304022",228338,TONK,TONK,RAJASTHAN
"THE RAJASTHAN STATE COOPERATIVE BANK LIMITED",RSCB0034007,304820030,"THE CENTARAL COOP BANK LTD","SADAR BAZAAR,ALIGARH304023",266311,TONK,TONK,RAJASTHAN
"THE RAJASTHAN STATE COOPERATIVE BANK LIMITED",RSCB0034006,304820025,"THE CENTARAL COOP BANK LTD","BADA BAZAAR,NIWAI304021",222007,TONK,TONK,RAJASTHAN
"THE RAJASTHAN STATE COOPERATIVE BANK LIMITED",RSCB0034005,304820029,"THE CENTARAL COOP BANK LTD","SADAR BAZAAR,UNIYARA304024",265324,TONK,TONK,RAJASTHAN
"THE RAJASTHAN STATE COOPERATIVE BANK LIMITED",RSCB0034004,304820028,"THE CENTARAL COOP BANK LTD","PURANA BUS STAND,TODARAISINGH304505",232233,TONK,TONK,RAJASTHAN
"THE RAJASTHAN STATE COOPERATIVE BANK LIMITED",RSCB0034003,304820031,"THE CENTARAL COOP BANK LTD","BUS STAND K SMANE,VIVEKANAND COLONY,DEOLI304804",232038,TONK,TONK,RAJASTHAN
"THE RAJASTHAN STATE COOPERATIVE BANK LIMITED",RSCB0034002,304820027,"THE CENTARAL COOP BANK LTD","JAIPUR ROAD,DOODH DIARY K PAAS,MALPURA304502",226322,TONK,TONK,RAJASTHAN
"THE RAJASTHAN STATE COOPERATIVE BANK LIMITED",RSCB0034001,304820002,"THE CENTARAL COOP BANK LTD","GHANTA GHAR BRANCH,TAUNK304001",247430,TONK,TONK,RAJASTHAN
"THE RAJASTHAN STATE COOPERATIVE BANK LIMITED",RSCB0033099,335830005,"THE GANGANAGAR KENDRIYA SAHAKARI BANK","HEAD OFFICE,OPP.MAIN POST OFFICE,SRIGANGANAGAR",2444953,GANGANAGAR,GANGANAGAR,RAJASTHAN
"THE RAJASTHAN STATE COOPERATIVE BANK LIMITED",RSCB0033037,335830225,BINJBAILA,"SHOP NO 1-2 MANDI MARKET BEENJHBAYLA TEH-PADAMPUR",8094360007,BINJBAILA,SRIGANGANAGAR,RAJASTHAN
"THE RAJASTHAN STATE COOPERATIVE BANK LIMITED",RSCB0033036,335830226,"NEW DHAN MANDI RAISINGHNAGAR","SHOP NO-C-19, OPPOSITE KRISHI UPAJ MANDI SAMITI, ANOOPGARH ROAD, RAISINGHNAGAR",8094013055,RAISINGHNAGAR,SRIGANGANAGAR,RAJASTHAN
"THE RAJASTHAN STATE COOPERATIVE BANK LIMITED",RSCB0033035,335830002,"THE GANGANAGAR KENDRIYA SAHAKARI BANK","HOLESALE BHANDAR KE UPPER,NEAR AMBEDKAR CHOWK,SRI GANGANAGAR 335001",2443173,GANGANAGAR,GANGANAGAR,RAJASTHAN
"THE RAJASTHAN STATE COOPERATIVE BANK LIMITED",RSCB0033033,335830003,"THE GANGANAGAR KENDRIYA SAHAKARI BANK","41C BLOCK,SRI GANGANAGAR 335001",2473306,GANGANAGAR,GANGANAGAR,RAJASTHAN
"THE RAJASTHAN STATE COOPERATIVE BANK LIMITED",RSCB0033032,335830224,"THE GANGANAGAR KENDRIYA SAHAKARI BANK","BUS STAND KE PASS,RAMSINGHPUR 335703",283451,GANGANAGAR,GANGANAGAR,RAJASTHAN
"THE RAJASTHAN STATE COOPERATIVE BANK LIMITED",RSCB0033031,335830222,"THE GANGANAGAR KENDRIYA SAHAKARI BANK","POLICE THANE KE SAMNE,BIKANER ROAD,RAJISAR 335804",274240,GANGANAGAR,GANGANAGAR,RAJASTHAN
"THE RAJASTHAN STATE COOPERATIVE BANK LIMITED",RSCB0033030,335830221,"THE GANGANAGAR KENDRIYA SAHAKARI BANK","MAIN BAZAR,CHUNAWAD 335022",2763032,GANGANAGAR,GANGANAGAR,RAJASTHAN
"THE RAJASTHAN STATE COOPERATIVE BANK LIMITED",RSCB0033029,335830220,"THE GANGANAGAR KENDRIYA SAHAKARI BANK","MAIN BAZAR,RIDMALSAR 335061",241269,GANGANAGAR,GANGANAGAR,RAJASTHAN
"THE RAJASTHAN STATE COOPERATIVE BANK LIMITED",RSCB0033028,335830219,"THE GANGANAGAR KENDRIYA SAHAKARI BANK","VPO NETEWALA,TEHSIL SRIGANGA NAGAR 335002",2496025,GANGANAGAR,GANGANAGAR,RAJASTHAN
"THE RAJASTHAN STATE COOPERATIVE BANK LIMITED",RSCB0033026,335830218,"THE GANGANAGAR KENDRIYA SAHAKARI BANK","KRISI UPAJ MANDI SAMITI PARISAR,NAJDIK DHAN MANDI,RAWLA 335707",263022,GANGANAGAR,GANGANAGAR,RAJASTHAN
"THE RAJASTHAN STATE COOPERATIVE BANK LIMITED",RSCB0033024,335830223,"THE GANGANAGAR KENDRIYA SAHAKARI BANK","BUS STAND KE PASS,LALGARH 335037",287009,GANGANAGAR,GANGANAGAR,RAJASTHAN
"THE RAJASTHAN STATE COOPERATIVE BANK LIMITED",RSCB0033023,335830217,"THE GANGANAGAR KENDRIYA SAHAKARI BANK","POLICE THANE KE PASS,ANUPGARH ROAD,SAMEJAKOTHI 335021",281009,GANGANAGAR,GANGANAGAR,RAJASTHAN
"THE RAJASTHAN STATE COOPERATIVE BANK LIMITED",RSCB0033020,335830004,"THE GANGANAGAR KENDRIYA SAHAKARI BANK","SHAH COMPLEX,SD,BHIHANI COLLEGE KE SAMNE,SRI GANGA NAGAR 335001",2470655,GANGANAGAR,GANGANAGAR,RAJASTHAN
"THE RAJASTHAN STATE COOPERATIVE BANK LIMITED",RSCB0033017,335830216,"THE GANGANAGAR KENDRIYA SAHAKARI BANK","DHAN MANDI PARISAR,PADAMPUR ROAD,JETSAR 335702",264330,GANGANAGAR,GANGANAGAR,RAJASTHAN
"THE RAJASTHAN STATE COOPERATIVE BANK LIMITED",RSCB0033016,335830215,"THE GANGANAGAR KENDRIYA SAHAKARI BANK","MAIN BUS STAND KE SAMNE,GHARSANA 335707",250064,GANGANAGAR,GANGANAGAR,RAJASTHAN
"THE RAJASTHAN STATE COOPERATIVE BANK LIMITED",RSCB0033014,335830214,"THE GANGANAGAR KENDRIYA SAHAKARI BANK","PANCHAYAT SAMITI ROAD,VIJAYNAGAR 335704",230050,GANGANAGAR,GANGANAGAR,RAJASTHAN
"THE RAJASTHAN STATE COOPERATIVE BANK LIMITED",RSCB0033011,335830213,"THE GANGANAGAR KENDRIYA SAHAKARI BANK","DHAN MANDI PARISAR,KESRISINGHPUR 335027",232002,GANGANAGAR,GANGANAGAR,RAJASTHAN
"THE RAJASTHAN STATE COOPERATIVE BANK LIMITED",RSCB0033009,335830212,"THE GANGANAGAR KENDRIYA SAHAKARI BANK","MAIN BAZAR,GAJSINGHPUR 335024",230226,GANGANAGAR,GANGANAGAR,RAJASTHAN
"THE RAJASTHAN STATE COOPERATIVE BANK LIMITED",RSCB0033008,335830210,"THE GANGANAGAR KENDRIYA SAHAKARI BANK","MAIN BUS STAND KE PASS,BIKANER ROAD,ANNOPGARH 335701",252039,GANGANAGAR,GANGANAGAR,RAJASTHAN
"THE RAJASTHAN STATE COOPERATIVE BANK LIMITED",RSCB0033007,335830025,"THE GANGANAGAR KENDRIYA SAHAKARI BANK","MAIN BAZAR,PADAMPUR 335041",232082,GANGANAGAR,GANGANAGAR,RAJASTHAN
"THE RAJASTHAN STATE COOPERATIVE BANK LIMITED",RSCB0033006,335830100,"THE GANGANAGAR KENDRIYA SAHAKARI BANK","RAILWAY STATION ROAD,SURATGARH 335804",220038,GANGANAGAR,GANGANAGAR,RAJASTHAN
"THE RAJASTHAN STATE COOPERATIVE BANK LIMITED",RSCB0033004,335830075,"THE GANGANAGAR KENDRIYA SAHAKARI BANK","PURANI DHAN MANDI,SRIKARANPUR 335073",260053,GANGANAGAR,GANGANAGAR,RAJASTHAN
"THE RAJASTHAN STATE COOPERATIVE BANK LIMITED",RSCB0033002,335830211,"THE GANGANAGAR KENDRIYA SAHAKARI BANK","NAGARPALIKA KE SAMNE,SADULSHAHAR 335062",222022,GANGANAGAR,GANGANAGAR,RAJASTHAN
"THE RAJASTHAN STATE COOPERATIVE BANK LIMITED",RSCB0033001,335830175,"THE GANGANAGAR KENDRIYA SAHAKARI BANK","PURANI DHAN MANDI,RAISINGHNAGAR 335051",220042,GANGANAGAR,GANGANAGAR,RAJASTHAN
"THE RAJASTHAN STATE COOPERATIVE BANK LIMITED",RSCB0032099,307813000,"THE SIROHI CENTRAL COOP BANK LTD","NH14,BYPASS ROAD,CCB CHORAVA,SIROHI 342001",222349,SIROHI,SIROHI,RAJASTHAN
"THE RAJASTHAN STATE COOPERATIVE BANK LIMITED",RSCB0032013,NA,ANADARA,"NEAR BUS STATION POST ANADARA TEHSIL REODAR DIST SIROHI RAJ PIN 307511",8003993002,SIROHI,SIROHI,RAJASTHAN
"THE RAJASTHAN STATE COOPERATIVE BANK LIMITED",RSCB0032011,307813076,"THE SIROHI CENTRAL COOP BANK LTD","DANMANDI SHEOGANJ 307027",270378,SIROHI,SIROHI,RAJASTHAN
"THE RAJASTHAN STATE COOPERATIVE BANK LIMITED",RSCB0032010,307813504,"THE SIROHI CENTRAL COOP BANK LTD","BOHARO KA VAS,STORE KA SAMNE 307513",285455,SIROHI,SIROHI,RAJASTHAN
"THE RAJASTHAN STATE COOPERATIVE BANK LIMITED",RSCB0032009,307813503,"THE SIROHI CENTRAL COOP BANK LTD","OPP.POST OFFICE 307514",282332,SIROHI,SIROHI,RAJASTHAN
"THE RAJASTHAN STATE COOPERATIVE BANK LIMITED",RSCB0032008,307813050,"THE SIROHI CENTRAL COOP BANK LTD","SADAR BAZAR 307501",235441,SIROHI,SIROHI,RAJASTHAN
"THE RAJASTHAN STATE COOPERATIVE BANK LIMITED",RSCB0032007,307813026,"THE SIROHI CENTRAL COOP BANK LTD","KUMHAR MOHALLA 307026",221611,SIROHI,SIROHI,RAJASTHAN
"THE RAJASTHAN STATE COOPERATIVE BANK LIMITED",RSCB0032006,307813025,"THE SIROHI CENTRAL COOP BANK LTD","AZAD MAIDAN 307026",222207,SIROHI,SIROHI,RAJASTHAN
"THE RAJASTHAN STATE COOPERATIVE BANK LIMITED",RSCB0032005,307813201,"THE SIROHI CENTRAL COOP BANK LTD","SADAR BAZAR 307022",282066,SIROHI,SIROHI,RAJASTHAN
"THE RAJASTHAN STATE COOPERATIVE BANK LIMITED",RSCB0032004,307813502,"THE SIROHI CENTRAL COOP BANK LTD","SADAR BAZAR 307023",242043,SIROHI,SIROHI,RAJASTHAN
"THE RAJASTHAN STATE COOPERATIVE BANK LIMITED",RSCB0032003,307813075,"THE SIROHI CENTRAL COOP BANK LTD","DANMANDI SHEOGANJ 307027",270343,SIROHI,SIROHI,RAJASTHAN
"THE RAJASTHAN STATE COOPERATIVE BANK LIMITED",RSCB0032002,307813501,"THE SIROHI CENTRAL COOP BANK LTD","RAMSIN ROAD 307802",264327,SIROHI,SIROHI,RAJASTHAN
"THE RAJASTHAN STATE COOPERATIVE BANK LIMITED",RSCB0032001,307813002,"THE SIROHI CENTRAL COOP BANK LTD","SARJAVAV GATE KE ANDAR 342001",222232,SIROHI,SIROHI,RAJASTHAN
"THE RAJASTHAN STATE COOPERATIVE BANK LIMITED",RSCB0031099,332816003,"SIKAR KENDRIYA SAHAKARI BANKLTD","BASANT VIHAR,SIKAR332001",9784590133,SIKAR,SIKAR,RAJASTHAN
"THE RAJASTHAN STATE COOPERATIVE BANK LIMITED",RSCB0031021,332816006,"SIKAR KENDRIYA SAHAKARI BANKLTD","NEAR GOVT.UPPER PRIMARY SCHOOL,SAMARTHPURA,PIPRALI ROAD,SIKAR332001",1572255273,SIKAR,SIKAR,RAJASTHAN
"THE RAJASTHAN STATE COOPERATIVE BANK LIMITED",RSCB0031020,332816512,"SIKAR KENDRIYA SAHAKARI BANKLTD","BARALA MOD,KOTPUTLI ROAD,TODA332705",9784590162,SIKAR,SIKAR,RAJASTHAN
"THE RAJASTHAN STATE COOPERATIVE BANK LIMITED",RSCB0031019,332816002,"SIKAR KENDRIYA SAHAKARI BANKLTD","BASANT VIHAR,SIKAR332001",1572251203,SIKAR,SIKAR,RAJASTHAN
"THE RAJASTHAN STATE COOPERATIVE BANK LIMITED",RSCB0031018,332816513,"SIKAR KENDRIYA SAHAKARI BANKLTD","OPPOSITE HPCL PETROL PUMP,KHATU SHYAMJI332602",1576230417,SIKAR,SIKAR,RAJASTHAN
"THE RAJASTHAN STATE COOPERATIVE BANK LIMITED",RSCB0031017,332816506,"SIKAR KENDRIYA SAHAKARI BANKLTD","NEAR BUS STAND,LOSAL332025",1577220350,SIKAR,SIKAR,RAJASTHAN
"THE RAJASTHAN STATE COOPERATIVE BANK LIMITED",RSCB0031016,332816509,"SIKAR KENDRIYA SAHAKARI BANKLTD","BUS STAND,PALSANA332402",1576225038,SIKAR,SIKAR,RAJASTHAN
"THE RAJASTHAN STATE COOPERATIVE BANK LIMITED",RSCB0031015,332816504,"SIKAR KENDRIYA SAHAKARI BANKLTD","BUS STAND,KANWAT332708",1575233331,SIKAR,SIKAR,RAJASTHAN
"THE RAJASTHAN STATE COOPERATIVE BANK LIMITED",RSCB0031014,332816501,"SIKAR KENDRIYA SAHAKARI BANKLTD","NEW MARKET AJEETGARH332701",1575222047,SIKAR,SIKAR,RAJASTHAN
"THE RAJASTHAN STATE COOPERATIVE BANK LIMITED",RSCB0031013,332816507,"SIKAR KENDRIYA SAHAKARI BANKLTD","OPPOSITE GOVT.HOSPITAL,NECHHAWA332026",1570220223,SIKAR,SIKAR,RAJASTHAN
"THE RAJASTHAN STATE COOPERATIVE BANK LIMITED",RSCB0031012,332816508,"SIKAR KENDRIYA SAHAKARI BANKLTD","NEEM KA THANA ROAD,PATAN332718",1574282233,SIKAR,SIKAR,RAJASTHAN
"THE RAJASTHAN STATE COOPERATIVE BANK LIMITED",RSCB0031011,332816511,"SIKAR KENDRIYA SAHAKARI BANKLTD","BHAIROOJI ROAD,REENGUS332404",1575224246,SIKAR,SIKAR,RAJASTHAN
"THE RAJASTHAN STATE COOPERATIVE BANK LIMITED",RSCB0031010,332816503,"SIKAR KENDRIYA SAHAKARI BANKLTD","SARWADI ROAD,DHOD332022",1572236043,SIKAR,SIKAR,RAJASTHAN
"THE RAJASTHAN STATE COOPERATIVE BANK LIMITED",RSCB0031009,332816510,"SIKAR KENDRIYA SAHAKARI BANKLTD","MAIN BAZAR,RANOLI332403",1576220330,SIKAR,SIKAR,RAJASTHAN
"THE RAJASTHAN STATE COOPERATIVE BANK LIMITED",RSCB0031008,332816505,"SIKAR KENDRIYA SAHAKARI BANKLTD","NEAR OLD POLICE THANA,KHANDELA332709",1575260024,SIKAR,SIKAR,RAJASTHAN
"THE RAJASTHAN STATE COOPERATIVE BANK LIMITED",RSCB0031007,332816101,"SIKAR KENDRIYA SAHAKARI BANKLTD","CHOPAD BAZAR,LAXMANGARH332311",1573222256,SIKAR,SIKAR,RAJASTHAN
"THE RAJASTHAN STATE COOPERATIVE BANK LIMITED",RSCB0031006,332816025,"SIKAR KENDRIYA SAHAKARI BANKLTD","NEAR SABJI MANDI,FATEHPUR332301",1571230024,SIKAR,SIKAR,RAJASTHAN
"THE RAJASTHAN STATE COOPERATIVE BANK LIMITED",RSCB0031005,332816502,"SIKAR KENDRIYA SAHAKARI BANKLTD","GOPAL GAUSHALA MARKET,DANTA332702",1577272344,SIKAR,SIKAR,RAJASTHAN
"THE RAJASTHAN STATE COOPERATIVE BANK LIMITED",RSCB0031004,332816050,"SIKAR KENDRIYA SAHAKARI BANKLTD","RAMLILA MAIDAN,NEEM KA THANA332713",1574230066,SIKAR,SIKAR,RAJASTHAN
"THE RAJASTHAN STATE COOPERATIVE BANK LIMITED",RSCB0031003,332816301,"SIKAR KENDRIYA SAHAKARI BANKLTD","OPPOSITE RAILWAY STATION,SHRI MADHOPUR332715",1575250073,SIKAR,SIKAR,RAJASTHAN
"THE RAJASTHAN STATE COOPERATIVE BANK LIMITED",RSCB0031002,332816005,"SIKAR KENDRIYA SAHAKARI BANKLTD","NEAR TAPARIYA BAGEECHI,SIKAR332001",1572254130,SIKAR,SIKAR,RAJASTHAN
"THE RAJASTHAN STATE COOPERATIVE BANK LIMITED",RSCB0031001,332816004,"SIKAR KENDRIYA SAHAKARI BANKLTD","NEAR CITY DISPENSARY,SIKAR332001",1572253780,SIKAR,SIKAR,RAJASTHAN
"THE RAJASTHAN STATE COOPERATIVE BANK LIMITED",RSCB0030099,322819000,"SAWAI MADHOPUR KENDRIYA SAHAKARI","COLLECTRATE ROAD,MANTOWN SAWAI MADHOPUR",9784942255,"SAWAI MADHOPUR","SAWAI MADHOPUR",RAJASTHAN
"THE RAJASTHAN STATE COOPERATIVE BANK LIMITED",RSCB0030019,322819036,"SAWAI MADHOPUR KENDRIYA SAHAKARI","BRANCHE BATODA 322028",9784942263,"SAWAI MADHOPUR","SAWAI MADHOPUR",RAJASTHAN
"THE RAJASTHAN STATE COOPERATIVE BANK LIMITED",RSCB0030018,322819035,"S M K SAHAKARI BANK LTD","BRANCHE DANALPUR DISTT.KARAULI",9784942277,KARAULI,KARAULI,RAJASTHAN
"THE RAJASTHAN STATE COOPERATIVE BANK LIMITED",RSCB0030015,322819034,"S M K SAHAKARI BANK LTD","BRANCHE TODABHIM DISTT.KARAULI 321611",9784942278,KARAULI,KARAULI,RAJASTHAN
"THE RAJASTHAN STATE COOPERATIVE BANK LIMITED",RSCB0030014,322819032,"S M K SAHAKARI BANK LTD","BRANCH SAPOTRA DISTT.KARAULI 322218",9784942268,KARAULI,KARAULI,RAJASTHAN
"THE RAJASTHAN STATE COOPERATIVE BANK LIMITED",RSCB0030013,322819030,"S M K SAHAKARI BANK LTD","BRANCHE MANDARAYAL DISTT.KARAULI 322421",9784942280,KARAULI,KARAULI,RAJASTHAN
"THE RAJASTHAN STATE COOPERATIVE BANK LIMITED",RSCB0030012,322819033,"S M K SAHAKARI BANK LTD","BRANCHE NADOTI DISTT.KARAULI 322230",9784942271,KARAULI,KARAULI,RAJASTHAN
"THE RAJASTHAN STATE COOPERATIVE BANK LIMITED",RSCB0030011,322819029,"SAWAI MADHOPUR KENDRIYA SAHAKARI","BRANCH MALARNA DOONGER DISTT.SAWAI MADHOPUR 322021",9784942259,"SAWAI MADHOPUR","SAWAI MADHOPUR",RAJASTHAN
"THE RAJASTHAN STATE COOPERATIVE BANK LIMITED",RSCB0030010,322819031,"SAWAI MADHOPUR KENDRIYA SAHAKARI","BRANCHE BAMANWAS DISTT.SAWAI MADHOPUR 322211",9784942267,"SAWAI MADHOPUR","SAWAI MADHOPUR",RAJASTHAN
"THE RAJASTHAN STATE COOPERATIVE BANK LIMITED",RSCB0030009,322819028,"SAWAI MADHOPUR KENDRIYA SAHAKARI","BRANCHE BONLI DISTT.SAWAI MADHOPUR 322702",9784942262,"SAWAI MADHOPUR","SAWAI MADHOPUR",RAJASTHAN
"THE RAJASTHAN STATE COOPERATIVE BANK LIMITED",RSCB0030008,322819027,"SAWAI MADHOPUR KENDRIYA SAHAKARI","BRANCH KHANDAR DISTT.SAWAI MADHOPUR 322702",9784942256,"SAWAI MADHOPUR","SAWAI MADHOPUR",RAJASTHAN
"THE RAJASTHAN STATE COOPERATIVE BANK LIMITED",RSCB0030007,322819026,"SAWAI MADHOPUR KENDRIYA SAHAKARI","BRANCHE CHOUTH KA BARWARA DISTT.SAWAI MADHOPUR 322025",9784942261,"SAWAI MADHOPUR","SAWAI MADHOPUR",RAJASTHAN
"THE RAJASTHAN STATE COOPERATIVE BANK LIMITED",RSCB0030006,322819002,"SAWAI MADHOPUR KENDRIYA SAHAKARI","BRANCH MANTOWN DISTT.SAWAI MADHOPUR 322001",9784942260,"SAWAI MADHOPUR","SAWAI MADHOPUR",RAJASTHAN
"THE RAJASTHAN STATE COOPERATIVE BANK LIMITED",RSCB0030004,322819075,"S M K SAHAKARI BANK LTD","BRANCH KARAULI DISTT.KARAULI 322421",9784942270,KARAULI,KARAULI,RAJASTHAN
"THE RAJASTHAN STATE COOPERATIVE BANK LIMITED",RSCB0030003,322819201,"S M K SAHAKARI BANK LTD","BRANCHE HINDAUN DISTT.KARAULI 322215",9784942266,KARAULI,KARAULI,RAJASTHAN
"THE RAJASTHAN STATE COOPERATIVE BANK LIMITED",RSCB0030002,322819025,"SAWAI MADHOPUR KENDRIYA SAHAKARI","BRANCHE GANGAPUR CITY DISTT.SAWAIMADHOPUR 322201",9784942254,"SAWAI MADHOPUR","SAWAI MADHOPUR",RAJASTHAN
"THE RAJASTHAN STATE COOPERATIVE BANK LIMITED",RSCB0030001,322819003,"SAWAI MADHOPUR KENDRIYA SAHAKARI","BRANCH SAWAI MADHOPUR,SADAR BAZAR DISTT.SAWAI MADHOPUR CITY 322021",9784942264,"SAWAI MADHOPUR","SAWAI MADHOPUR",RAJASTHAN
"THE RAJASTHAN STATE COOPERATIVE BANK LIMITED",RSCB0029099,306700000,"THE PALI CENTRAL COOP BANKLTD","V.D.NAGAR COLLEGE ROAD PALI 306401",228138,PALI,PALI,RAJASTHAN
"THE RAJASTHAN STATE COOPERATIVE BANK LIMITED",RSCB0029028,306700046,"THE PALI CENTRAL COOP BANKLTD","NEAR POLICE CHOKI KHNWARA PALI MARWAR 306502",248765,PALI,PALI,RAJASTHAN
"THE RAJASTHAN STATE COOPERATIVE BANK LIMITED",RSCB0029027,306700045,"THE PALI CENTRAL COOP BANKLTD","MAIN BAJAR PALI MARWAR 306701",222601,PALI,PALI,RAJASTHAN
"THE RAJASTHAN STATE COOPERATIVE BANK LIMITED",RSCB0029026,306700005,"THE PALI CENTRAL COOP BANKLTD","MANDIA ROAD KALUJI KI BAGECHI PALI MARWAR 306401",232192,PALI,PALI,RAJASTHAN
"THE RAJASTHAN STATE COOPERATIVE BANK LIMITED",RSCB0029025,306700044,"THE PALI CENTRAL COOP BANKLTD","NEAR BUS STAND CHADWAS PALI MARWAR 3061401",240020,PALI,PALI,RAJASTHAN
"THE RAJASTHAN STATE COOPERATIVE BANK LIMITED",RSCB0029024,306700043,"THE PALI CENTRAL COOP BANKLTD","VEATENARI HOSPITAL GUNDOJ PALI MARWAR 306104",248038,PALI,PALI,RAJASTHAN
"THE RAJASTHAN STATE COOPERATIVE BANK LIMITED",RSCB0029023,306700042,"THE PALI CENTRAL COOP BANKLTD","PANCHAYAT BHAWAN BERA PALI MARWAR 306126",243146,PALI,PALI,RAJASTHAN
"THE RAJASTHAN STATE COOPERATIVE BANK LIMITED",RSCB0029022,306700041,"THE PALI CENTRAL COOP BANKLTD","NEAR MAIN BAJAR AUWA PALI MARWAR 3062021",264121,PALI,PALI,RAJASTHAN
"THE RAJASTHAN STATE COOPERATIVE BANK LIMITED",RSCB0029021,306700040,"THE PALI CENTRAL COOP BANKLTD","NEAR GRAM PANCHAYAT PIPLIYAKALA PALI MARWAR 306307",287241,PALI,PALI,RAJASTHAN
"THE RAJASTHAN STATE COOPERATIVE BANK LIMITED",RSCB0029020,306700039,"THE PALI CENTRAL COOP BANKLTD","JAWAHAR CHOK TAKATGARH PALI MARWAR 306912",220121,PALI,PALI,RAJASTHAN
"THE RAJASTHAN STATE COOPERATIVE BANK LIMITED",RSCB0029019,306700038,"THE PALI CENTRAL COOP BANKLTD","MAIN BAJAR RAILWAY STATION ROAD SOMESUR PALI MARWAR 306503",242050,PALI,PALI,RAJASTHAN
"THE RAJASTHAN STATE COOPERATIVE BANK LIMITED",RSCB0029018,306700002,"THE PALI CENTRAL COOP BANKLTD","VEER DURGADAS NAGAR PALI MARWAR 306401",221670,PALI,PALI,RAJASTHAN
"THE RAJASTHAN STATE COOPERATIVE BANK LIMITED",RSCB0029017,306700037,"THE PALI CENTRAL COOP BANKLTD","NEAR BUS STAND ANANDPURKALU PALI MARWAR 306401",283239,PALI,PALI,RAJASTHAN
"THE RAJASTHAN STATE COOPERATIVE BANK LIMITED",RSCB0029016,306700036,"THE PALI CENTRAL COOP BANKLTD","NEAR POLICE CHOUKI BABRA PALI MARWAR 306101",270024,PALI,PALI,RAJASTHAN
"THE RAJASTHAN STATE COOPERATIVE BANK LIMITED",RSCB0029015,306700035,"THE PALI CENTRAL COOP BANKLTD","MAIN BAJAR JALORE ROAD VYAD PALI MARWAR 306421",256606,PALI,PALI,RAJASTHAN
"THE RAJASTHAN STATE COOPERATIVE BANK LIMITED",RSCB0029014,306700006,"THE PALI CENTRAL COOP BANKLTD","JODHPUR ROAD PALI MARWAR 306401",251283,PALI,PALI,RAJASTHAN
"THE RAJASTHAN STATE COOPERATIVE BANK LIMITED",RSCB0029013,306700034,"THE PALI CENTRAL COOP BANKLTD","MAIN BAZAR SADRI PALI MARWAR 306702",285011,PALI,PALI,RAJASTHAN
"THE RAJASTHAN STATE COOPERATIVE BANK LIMITED",RSCB0029012,306700033,"THE PALI CENTRAL COOP BANKLTD","NEAR OLD BUS STAND ROHAT PAI MARWAR 306421",268228,PALI,PALI,RAJASTHAN
"THE RAJASTHAN STATE COOPERATIVE BANK LIMITED",RSCB0029011,306700032,"THE PALI CENTRAL COOP BANKLTD","NEAR GOVT HOSPITAL DESURI PALI 306703",254132,PALI,PALI,RAJASTHAN
"THE RAJASTHAN STATE COOPERATIVE BANK LIMITED",RSCB0029010,306700025,"THE PALI CENTRAL COOP BANKLTD","NEAR SBI CHANDPOL GALE SOJATCITY 306104",222090,PALI,PALI,RAJASTHAN
"THE RAJASTHAN STATE COOPERATIVE BANK LIMITED",RSCB0029009,306700004,"THE PALI CENTRAL COOP BANKLTD","SURAJPOLE PALI MARWAR 306401",220670,PALI,PALI,RAJASTHAN
"THE RAJASTHAN STATE COOPERATIVE BANK LIMITED",RSCB0029008,306700031,"THE PALI CENTRAL COOP BANKLTD","BUS STAND JEITARAN PALI MARWAR 306302",222240,PALI,PALI,RAJASTHAN
"THE RAJASTHAN STATE COOPERATIVE BANK LIMITED",RSCB0029007,306700028,"THE PALI CENTRAL COOP BANKLTD","MAIN BAJAR MARWAR JUNCTION PALI MARWAR 306001",252218,PALI,PALI,RAJASTHAN
"THE RAJASTHAN STATE COOPERATIVE BANK LIMITED",RSCB0029006,306700003,"THE PALI CENTRAL COOP BANKLTD","FATEHPURIA BAJAR PALI MARWAR 306401",250064,PALI,PALI,RAJASTHAN
"THE RAJASTHAN STATE COOPERATIVE BANK LIMITED",RSCB0029005,306700027,"THE PALI CENTRAL COOP BANKLTD","MAIN BAJAR PRATAP BAJAR RANI 306115",222060,PALI,PALI,RAJASTHAN
"THE RAJASTHAN STATE COOPERATIVE BANK LIMITED",RSCB0029004,306700030,"THE PALI CENTRAL COOP BANKLTD","HARIPUR ROAD RAIPUR PALI 306304",220112,PALI,PALI,RAJASTHAN
"THE RAJASTHAN STATE COOPERATIVE BANK LIMITED",RSCB0029003,306700125,"THE PALI CENTRAL COOP BANKLTD","KARSIUPAJ MANDI SUMERPUR PALI MARWAR MARWAR 306902",258231,PALI,PALI,RAJASTHAN
"THE RAJASTHAN STATE COOPERATIVE BANK LIMITED",RSCB0029002,306700029,"THE PALI CENTRAL COOP BANKLTD","RAILWAY STATION ROAD SOJATROAD PALI MARWAR 306103",230019,PALI,PALI,RAJASTHAN
"THE RAJASTHAN STATE COOPERATIVE BANK LIMITED",RSCB0029001,306700026,"THE PALI CENTRAL COOP BANKLTD","RAILWAY STATION ROAD FALNA PALI MARWAR 306116",233028,PALI,PALI,RAJASTHAN
"THE RAJASTHAN STATE COOPERATIVE BANK LIMITED",RSCB0028099,341822500,"THE NAGAUR CENTRAL COOP BANK LTD","GANDHI CHOWK,NAGUAR DISTT.NAGAUR341001",0,NAGAUR,NAGAUR,RAJASTHAN
"THE RAJASTHAN STATE COOPERATIVE BANK LIMITED",RSCB0028018,NA,BUTATI,"NEAR BUS STAND BUTATI PIN-341514",9784590608,NAGAUR,NAGAUR,RAJASTHAN
"THE RAJASTHAN STATE COOPERATIVE BANK LIMITED",RSCB0028017,341822027,SANJU,"NEAR BUS STAND VILLAGE -SANJU  TESHIL-DEGANA NAGAUR-341503",243040,NAGAUR,NAGAUR,RAJASTHAN
"THE RAJASTHAN STATE COOPERATIVE BANK LIMITED",RSCB0028016,WAITING,JAWLA,"MAIN BAZAR , JAWLA",276277,JAWLA,NAGAUR,RAJASTHAN
"THE RAJASTHAN STATE COOPERATIVE BANK LIMITED",RSCB0028015,341822506,"THE NAGAUR CENTRAL COOP BANK LTD","NEAR OLD BUS STAND,GOTAN DISTT.NAGAUR342902",0,NAGAUR,NAGAUR,RAJASTHAN
"THE RAJASTHAN STATE COOPERATIVE BANK LIMITED",RSCB0028014,341822053,"THE NAGAUR CENTRAL COOP BANK LTD","NEAR OLD BUS STAND,NAWA CITY DISTT.NAGAUR341509",0,NAGAUR,NAGAUR,RAJASTHAN
"THE RAJASTHAN STATE COOPERATIVE BANK LIMITED",RSCB0028013,341822505,"THE NAGAUR CENTRAL COOP BANK LTD","NAYA BAZAR,KHINWSAR DISTT.NAGAUR341025",0,NAGAUR,NAGAUR,RAJASTHAN
"THE RAJASTHAN STATE COOPERATIVE BANK LIMITED",RSCB0028012,341822504,"THE NAGAUR CENTRAL COOP BANK LTD","ROL DISTT.NAGAUR341027",0,NAGAUR,NAGAUR,RAJASTHAN
"THE RAJASTHAN STATE COOPERATIVE BANK LIMITED",RSCB0028011,341822052,"THE NAGAUR CENTRAL COOP BANK LTD","BUS SATAND,MUNDWA DISTT.NAGAUR341026",0,NAGAUR,NAGAUR,RAJASTHAN
"THE RAJASTHAN STATE COOPERATIVE BANK LIMITED",RSCB0028010,341822051,"THE NAGAUR CENTRAL COOP BANK LTD","PARBATSAR DISTT.NAGAUR341512",0,NAGAUR,NAGAUR,RAJASTHAN
"THE RAJASTHAN STATE COOPERATIVE BANK LIMITED",RSCB0028009,341822503,"THE NAGAUR CENTRAL COOP BANK LTD","SADAR BAZAR,DEGANA DISTT.NAGAUR341503",0,NAGAUR,NAGAUR,RAJASTHAN
"THE RAJASTHAN STATE COOPERATIVE BANK LIMITED",RSCB0028008,341822502,"THE NAGAUR CENTRAL COOP BANK LTD","NEAR OLD BUS STAND,JAYAL DISTT.NAGAUR341023",0,NAGAUR,NAGAUR,RAJASTHAN
"THE RAJASTHAN STATE COOPERATIVE BANK LIMITED",RSCB0028007,341822501,"THE NAGAUR CENTRAL COOP BANK LTD","SADAR BAZAR,RIYAN BADI DISTT.NAGAUR341513",0,NAGAUR,NAGAUR,RAJASTHAN
"THE RAJASTHAN STATE COOPERATIVE BANK LIMITED",RSCB0028006,341822050,"THE NAGAUR CENTRAL COOP BANK LTD","KAPDA MARKET,KUCHAMAN CITY DISTT.NAGAUR341508",0,NAGAUR,NAGAUR,RAJASTHAN
"THE RAJASTHAN STATE COOPERATIVE BANK LIMITED",RSCB0028005,341822025,"THE NAGAUR CENTRAL COOP BANK LTD","NEAR ROYAL MARKET,DIDWANA DISTT.NAGAUR341303",0,NAGAUR,NAGAUR,RAJASTHAN
"THE RAJASTHAN STATE COOPERATIVE BANK LIMITED",RSCB0028004,341822075,"THE NAGAUR CENTRAL COOP BANK LTD","KESHAR MARKET,LADNUN DISTT.NAGAUR341306",0,NAGAUR,NAGAUR,RAJASTHAN
"THE RAJASTHAN STATE COOPERATIVE BANK LIMITED",RSCB0028003,341822125,"THE NAGAUR CENTRAL COOP BANK LTD","MEERA MARG,MERTA CITY DISTT.NAGAUR341510",0,NAGAUR,NAGAUR,RAJASTHAN
"THE RAJASTHAN STATE COOPERATIVE BANK LIMITED",RSCB0028002,341822100,"THE NAGAUR CENTRAL COOP BANK LTD","I.S.MARKET,MAKRANA DISTT.NAGAUR341505",0,NAGAUR,NAGAUR,RAJASTHAN
"THE RAJASTHAN STATE COOPERATIVE BANK LIMITED",RSCB0028001,341822002,"THE NAGAUR CENTRAL COOP BANK LTD","GANDHI CHOWK,NAGUAR DISTT.NAGAUR341001",0,NAGAUR,NAGAUR,RAJASTHAN
"THE RAJASTHAN STATE COOPERATIVE BANK LIMITED",RSCB0027099,324616002,"THE KOTA CENTRAL COOP BANK LTD","KCCB BRANCH RAMPURA BAZAR KOTA324006",2381454,KOTA,KOTA,RAJASTHAN
"THE RAJASTHAN STATE COOPERATIVE BANK LIMITED",RSCB0027020,324616002,"THE KOTA CENTRAL COOP BANK LTD","RAMPURA BAZAR,KOTA POST BAG NO.20",2380085,KOTA,KOTA,RAJASTHAN
"THE RAJASTHAN STATE COOPERATIVE BANK LIMITED",RSCB0027010,NA,"THE KOTA CENTRAL COOP BANK LTD","KCCB BRANCH,OPP POLICE STATION ITAWADISTRICT KOTA 325004",0,KOTA,KOTA,RAJASTHAN
"THE RAJASTHAN STATE COOPERATIVE BANK LIMITED",RSCB0027009,NA,"THE KOTA CENTRAL COOP BANK LTD","KCCB BRANCH,MAIN MARKET,SULTANPURDISTRICTKOTA 325204",0,KOTA,KOTA,RAJASTHAN
"THE RAJASTHAN STATE COOPERATIVE BANK LIMITED",RSCB0027008,NA,"THE KOTA CENTRAL COOP BANK LTD","KCCB BRANCH DIGODDISTRICTKOTA 325201",0,KOTA,KOTA,RAJASTHAN
"THE RAJASTHAN STATE COOPERATIVE BANK LIMITED",RSCB0027007,326616050,"THE KOTA CENTRAL COOP BANK LTD","KCCB BRANCH RAMGANJ MANDIDISTRICTKOTA 326519",220040,KOTA,KOTA,RAJASTHAN
"THE RAJASTHAN STATE COOPERATIVE BANK LIMITED",RSCB0027006,NA,"THE KOTA CENTRAL COOP BANK LTD","KCCB BRANCH BAPAWARDISTRICTKOTA 325207",0,KOTA,KOTA,RAJASTHAN
"THE RAJASTHAN STATE COOPERATIVE BANK LIMITED",RSCB0027005,NA,"THE KOTA CENTRAL COOP BANK LTD","KCCB BRANCH SANGODDISTRICTKOTA 325601",0,KOTA,KOTA,RAJASTHAN
"THE RAJASTHAN STATE COOPERATIVE BANK LIMITED",RSCB0027004,NA,"THE KOTA CENTRAL COOP BANK LTD","KCCB BRANCH KANWASDISTRICTKOTA 325602",0,KOTA,KOTA,RAJASTHAN
"THE RAJASTHAN STATE COOPERATIVE BANK LIMITED",RSCB0027003,NA,"THE KOTA CENTRAL COOP BANK LTD","KCCB BRANCH,NANDWANA BHAWAN KAITHOONDISTRICTKOTA 325001",0,KOTA,KOTA,RAJASTHAN
"THE RAJASTHAN STATE COOPERATIVE BANK LIMITED",RSCB0027002,324616003,"THE KOTA CENTRAL COOP BANK LTD","KCCB BRANCH NEW DHAN MANDI,NEAR BSNL OFFICE,KOTA324007",2364425,KOTA,KOTA,RAJASTHAN
"THE RAJASTHAN STATE COOPERATIVE BANK LIMITED",RSCB0027001,324616004,"THE KOTA CENTRAL COOP BANK LTD","KCCB BRANCH BHIM GANJ MANDI,NEAR POLICE STATION,STATION ROAD KOTA324002",2463525,KOTA,KOTA,RAJASTHAN
"THE RAJASTHAN STATE COOPERATIVE BANK LIMITED",RSCB0026099,342517001,"THE JODHPUR CENTRAL COOP BANK LTD","HEAD OFFICE,MAN JI KA HATHA,MANDORE ROAD,PAOTA,342006",2545845,JODHPUR,JODHPUR,RAJASTHAN
"THE RAJASTHAN STATE COOPERATIVE BANK LIMITED",RSCB0026018,WAITING,LOHAWAT,"NEAR PANCHYAT SAMITI, LOHAWAT RAILWAY STATION",8094004908,JODHPUR,JODHPUR,RAJASTHAN
"THE RAJASTHAN STATE COOPERATIVE BANK LIMITED",RSCB0026017,342517015,"THE JODHPUR CENTRAL COOP BANK LTD","TINWARI ROAD,MATHANIA 342305",222152,JODHPUR,JODHPUR,RAJASTHAN
"THE RAJASTHAN STATE COOPERATIVE BANK LIMITED",RSCB0026016,342517017,"THE JODHPUR CENTRAL COOP BANK LTD","BHOJASAR FANTA,AAU 342311",8094002924,JODHPUR,JODHPUR,RAJASTHAN
"THE RAJASTHAN STATE COOPERATIVE BANK LIMITED",RSCB0026015,342517016,"THE JODHPUR CENTRAL COOP BANK LTD","NEAR GOVT.AYURVEDA HOSPITAL,DEECHU 342314",8094002908,JODHPUR,JODHPUR,RAJASTHAN
"THE RAJASTHAN STATE COOPERATIVE BANK LIMITED",RSCB0026014,342517013,"THE JODHPUR CENTRAL COOP BANK LTD","MAIN MARKET,NEAR LUNI STATION,LUNI 342802",284232,JODHPUR,JODHPUR,RAJASTHAN
"THE RAJASTHAN STATE COOPERATIVE BANK LIMITED",RSCB0026013,342517009,"THE JODHPUR CENTRAL COOP BANK LTD","BALESAR PRIVATE BAS STAND 342023",242213,JODHPUR,JODHPUR,RAJASTHAN
"THE RAJASTHAN STATE COOPERATIVE BANK LIMITED",RSCB0026012,342517011,"THE JODHPUR CENTRAL COOP BANK LTD","NEAR POST OFFICE,CHABA RAOD 342022",243323,JODHPUR,JODHPUR,RAJASTHAN
"THE RAJASTHAN STATE COOPERATIVE BANK LIMITED",RSCB0026011,342517012,"THE JODHPUR CENTRAL COOP BANK LTD","JAMBHA ROAD,OPPOSITE GOVERNMENT HOSPITAL,BAP 342307",277240,JODHPUR,JODHPUR,RAJASTHAN
"THE RAJASTHAN STATE COOPERATIVE BANK LIMITED",RSCB0026010,342517005,"THE JODHPUR CENTRAL COOP BANK LTD","STATION ROAD,PHALODI 342301",222135,JODHPUR,JODHPUR,RAJASTHAN
"THE RAJASTHAN STATE COOPERATIVE BANK LIMITED",RSCB0026009,342517014,"THE JODHPUR CENTRAL COOP BANK LTD","NEAR GOVT.AYURVEDA HOSPITAL,TIWARI 342306",268205,JODHPUR,JODHPUR,RAJASTHAN
"THE RAJASTHAN STATE COOPERATIVE BANK LIMITED",RSCB0026008,342517008,"THE JODHPUR CENTRAL COOP BANK LTD","MAIN MARKET,OSIAN 342303",274254,JODHPUR,JODHPUR,RAJASTHAN
"THE RAJASTHAN STATE COOPERATIVE BANK LIMITED",RSCB0026007,342517010,"THE JODHPUR CENTRAL COOP BANK LTD","NAGOUR ROAD,BAORI",265225,JODHPUR,JODHPUR,RAJASTHAN
"THE RAJASTHAN STATE COOPERATIVE BANK LIMITED",RSCB0026006,342517007,"THE JODHPUR CENTRAL COOP BANK LTD","TEHSIL ROAD,NEAR POST OFFICE PIN 342603",240239,JODHPUR,JODHPUR,RAJASTHAN
"THE RAJASTHAN STATE COOPERATIVE BANK LIMITED",RSCB0026005,342517006,"THE JODHPUR CENTRAL COOP BANK LTD","STATION ROAD,OPPOSITE SETH RAMRAKH MALANI U.P.S.SCHOOL 342601",233040,JODHPUR,JODHPUR,RAJASTHAN
"THE RAJASTHAN STATE COOPERATIVE BANK LIMITED",RSCB0026004,342517050,"THE JODHPUR CENTRAL COOP BANK LTD","SUBHASH MARG,NAI SARAK ROAD,BILARA 342602",222016,JODHPUR,JODHPUR,RAJASTHAN
"THE RAJASTHAN STATE COOPERATIVE BANK LIMITED",RSCB0026003,342517003,"THE JODHPUR CENTRAL COOP BANK LTD","MANDORE ROAD,PAOTA,NEAR MAPLE ABHAY DAY HOTEL,JODHPUR 342006",2545312,JODHPUR,JODHPUR,RAJASTHAN
"THE RAJASTHAN STATE COOPERATIVE BANK LIMITED",RSCB0026002,342517004,"THE JODHPUR CENTRAL COOP BANK LTD","OPP.MARWAR SWEET,NEAR GANESH TEMPLE,SOJATI GATE 342003",2625015,JODHPUR,JODHPUR,RAJASTHAN
"THE RAJASTHAN STATE COOPERATIVE BANK LIMITED",RSCB0026001,342517009,"THE JODHPUR CENTRAL COOP BANK LTD","OPPOSITE JANTA SWEET HOME,SOJATI GATE,NAI SARAK,JODHPUR 342003",2547405,JODHPUR,JODHPUR,RAJASTHAN
"THE RAJASTHAN STATE COOPERATIVE BANK LIMITED",RSCB0025099,333810002,"JHUNJHUNU KENDRIYA SAHAKARI BANK LTD","AJANTA HOTEL,TAAL BAZAR,JHUNJHUNU",237366,JHUNJHUNU,JHUNJHUNU,RAJASTHAN
"THE RAJASTHAN STATE COOPERATIVE BANK LIMITED",RSCB0025015,333810051,MANDAWA,"BISSAU CHORAHA, MANDAWA",223082,JHUNJHUNU,JHUNJHUNU,RAJASTHAN
"THE RAJASTHAN STATE COOPERATIVE BANK LIMITED",RSCB0025014,333810101,SULTANA,"MAIN BAZAR, CHIRAWA ROAD, SULTANA",280058,JHUNJHUNU,JHUNJHUNU,RAJASTHAN
"THE RAJASTHAN STATE COOPERATIVE BANK LIMITED",RSCB0025013,333810004,"JHUNJHUNU KENDRIYA SAHAKARI BANK LTD","CHHAVANI BAZAR,JHUNJHUNU,333001",234444,JHUNJHUNU,JHUNJHUNU,RAJASTHAN
"THE RAJASTHAN STATE COOPERATIVE BANK LIMITED",RSCB0025012,333810009,"JHUNJHUNU KENDRIYA SAHAKARI BANK LTD","MAIN MARKET,GUDHA GOURJIKA,333022",263419,JHUNJHUNU,JHUNJHUNU,RAJASTHAN
"THE RAJASTHAN STATE COOPERATIVE BANK LIMITED",RSCB0025011,333810008,"JHUNJHUNU KENDRIYA SAHAKARI BANK LTD","NEAR KISAN DHARM KANTA,UDAIPURWATI,333307",234237,JHUNJHUNU,JHUNJHUNU,RAJASTHAN
"THE RAJASTHAN STATE COOPERATIVE BANK LIMITED",RSCB0025010,333810006,"JHUNJHUNU KENDRIYA SAHAKARI BANK LTD","NEAR BAVLIYA BABA MANDIR,MUKUNDGARH,333705",252307,JHUNJHUNU,JHUNJHUNU,RAJASTHAN
"THE RAJASTHAN STATE COOPERATIVE BANK LIMITED",RSCB0025009,333810005,"JHUNJHUNU KENDRIYA SAHAKARI BANK LTD","OPPOSITE TO KALYANJI MANDIR,NAWALGARH,333042",222042,JHUNJHUNU,JHUNJHUNU,RAJASTHAN
"THE RAJASTHAN STATE COOPERATIVE BANK LIMITED",RSCB0025008,333810009,"JHUNJHUNU KENDRIYA SAHAKARI BANK LTD","VIKASH MARKET,SINGHANA,333516",220133,JHUNJHUNU,JHUNJHUNU,RAJASTHAN
"THE RAJASTHAN STATE COOPERATIVE BANK LIMITED",RSCB0025007,333810006,"JHUNJHUNU KENDRIYA SAHAKARI BANK LTD","MAIN MARKET,KHETRI,333503",234458,JHUNJHUNU,JHUNJHUNU,RAJASTHAN
"THE RAJASTHAN STATE COOPERATIVE BANK LIMITED",RSCB0025006,333810008,"JHUNJHUNU KENDRIYA SAHAKARI BANK LTD","MAIN MARKET,NIHAL CHOWK,PILANI,333031",242310,JHUNJHUNU,JHUNJHUNU,RAJASTHAN
"THE RAJASTHAN STATE COOPERATIVE BANK LIMITED",RSCB0025005,333810007,"JHUNJHUNU KENDRIYA SAHAKARI BANK LTD","MAIN MARKET,SURAJGARH,333029",237326,JHUNJHUNU,JHUNJHUNU,RAJASTHAN
"THE RAJASTHAN STATE COOPERATIVE BANK LIMITED",RSCB0025004,333810025,"JHUNJHUNU KENDRIYA SAHAKARI BANK LTD","TAHSIL ROAD,CHIRAWA,333026",220058,JHUNJHUNU,JHUNJHUNU,RAJASTHAN
"THE RAJASTHAN STATE COOPERATIVE BANK LIMITED",RSCB0025003,333810003,"JHUNJHUNU KENDRIYA SAHAKARI BANK LTD","STATION ROAD,JHUNJHUNU,333001",232382,JHUNJHUNU,JHUNJHUNU,RAJASTHAN
"THE RAJASTHAN STATE COOPERATIVE BANK LIMITED",RSCB0025002,333810011,"JHUNJHUNU KENDRIYA SAHAKARI BANK LTD","MAIN MARKET,BISSAU,331027",264215,JHUNJHUNU,JHUNJHUNU,RAJASTHAN
"THE RAJASTHAN STATE COOPERATIVE BANK LIMITED",RSCB0025001,333810010,"JHUNJHUNU KENDRIYA SAHAKARI BANK LTD","OLD BUS STAND,ALSISAR,331025",275321,JHUNJHUNU,JHUNJHUNU,RAJASTHAN
"THE RAJASTHAN STATE COOPERATIVE BANK LIMITED",RSCB0024099,326829000,"JHALAWAR KENDRIYA SAHKARI BANK LTD","HEAD OFFICE SAHKAR BHAWAN JHALAWAR N.H.12 JHALARAPATAN326023",0,JHALAWAR,JHALAWAR,RAJASTHAN
"THE RAJASTHAN STATE COOPERATIVE BANK LIMITED",RSCB0024015,WAITING,PAGARIA,"MAN SINGH JI EX-ZILA PRAMUKTH KA MAKAN, P.O. PAGARIA DISTRICT. JHALAWAR",7230079064,PAGARIA,JHALAWAR,RAJASTHAN
"THE RAJASTHAN STATE COOPERATIVE BANK LIMITED",RSCB0024014,NA,"JHALAWAR KENDRIYA SAHKARI BANK LTD","CHHATRI CHOK,SUNEL326513",253227,JHALAWAR,JHALAWAR,RAJASTHAN
"THE RAJASTHAN STATE COOPERATIVE BANK LIMITED",RSCB0024013,NA,"JHALAWAR KENDRIYA SAHKARI BANK LTD","NEAR PANCHAYAT BHAWAN SAROLA326035",263214,JHALAWAR,JHALAWAR,RAJASTHAN
"THE RAJASTHAN STATE COOPERATIVE BANK LIMITED",RSCB0024012,NA,"JHALAWAR KENDRIYA SAHKARI BANK LTD","NEAR POLICE STATION,RAIPUR 326036",255094,JHALAWAR,JHALAWAR,RAJASTHAN
"THE RAJASTHAN STATE COOPERATIVE BANK LIMITED",RSCB0024011,NA,"JHALAWAR KENDRIYA SAHKARI BANK LTD","NEAR BUS STAND,PIRAWA 326034",258221,JHALAWAR,JHALAWAR,RAJASTHAN
"THE RAJASTHAN STATE COOPERATIVE BANK LIMITED",RSCB0024010,NA,"JHALAWAR KENDRIYA SAHKARI BANK LTD","NEAR BUS STAND,MANOHARTHANA326037",274229,JHALAWAR,JHALAWAR,RAJASTHAN
"THE RAJASTHAN STATE COOPERATIVE BANK LIMITED",RSCB0024009,NA,"JHALAWAR KENDRIYA SAHKARI BANK LTD","NEAR TAHSIL,KHANPUR 326038",261226,JHALAWAR,JHALAWAR,RAJASTHAN
"THE RAJASTHAN STATE COOPERATIVE BANK LIMITED",RSCB0024008,829003,"JHALAWAR KENDRIYA SAHKARI BANK LTD","OPP.SURYA MANDIR,JHALRAPATAN326023",240239,JHALAWAR,JHALAWAR,RAJASTHAN
"THE RAJASTHAN STATE COOPERATIVE BANK LIMITED",RSCB0024007,829002,"JHALAWAR KENDRIYA SAHKARI BANK LTD","KOTWALI ROAD,MANGALPURA,JHALAWAR326001",232551,JHALAWAR,JHALAWAR,RAJASTHAN
"THE RAJASTHAN STATE COOPERATIVE BANK LIMITED",RSCB0024006,NA,"JHALAWAR KENDRIYA SAHKARI BANK LTD","GANESH CHOK,DAG326514",283346,JHALAWAR,JHALAWAR,RAJASTHAN
"THE RAJASTHAN STATE COOPERATIVE BANK LIMITED",RSCB0024005,NA,"JHALAWAR KENDRIYA SAHKARI BANK LTD","JHANDA CHOK,CHAUMHELA 326502",284136,JHALAWAR,JHALAWAR,RAJASTHAN
"THE RAJASTHAN STATE COOPERATIVE BANK LIMITED",RSCB0024004,829025,"JHALAWAR KENDRIYA SAHKARI BANK LTD","SINDHI COLONY,TETRI BAZAR,BHAWANI MANDI326502",222075,JHALAWAR,JHALAWAR,RAJASTHAN
"THE RAJASTHAN STATE COOPERATIVE BANK LIMITED",RSCB0024003,NA,"JHALAWAR KENDRIYA SAHKARI BANK LTD","NEAR BUS STAND,BAKANI 326022",245055,JHALAWAR,JHALAWAR,RAJASTHAN
"THE RAJASTHAN STATE COOPERATIVE BANK LIMITED",RSCB0024002,NA,"JHALAWAR KENDRIYA SAHKARI BANK LTD","NAI AABADI,NEAR NEW HOSPITAL,ASNAWAR326021",244248,JHALAWAR,JHALAWAR,RAJASTHAN
"THE RAJASTHAN STATE COOPERATIVE BANK LIMITED",RSCB0024001,NA,"JHALAWAR KENDRIYA SAHKARI BANK LTD","SAHKAR BHAWAN,CHHAPAN LAKH COLONY,BACKSIDE JAIL,AKLERA 326033",272074,JHALAWAR,JHALAWAR,RAJASTHAN
"THE RAJASTHAN STATE COOPERATIVE BANK LIMITED",RSCB0023099,343825001,"THE JALORE CENTRAL COOP BANKLTD","MANPURA COLONY A66,JALORE 343001",9784591456,JALOR,JALOR,RAJASTHAN
"THE RAJASTHAN STATE COOPERATIVE BANK LIMITED",RSCB0023014,343825014,"THE JALORE CENTRAL COOP BANKLTD","POST CHITALWANA,TEHSIL SANCHORE DIST.JALORE",286409,JALOR,JALOR,RAJASTHAN
"THE RAJASTHAN STATE COOPERATIVE BANK LIMITED",RSCB0023013,343825013,"THE JALORE CENTRAL COOP BANKLTD","NEAR HARIDEV JOSHI CIRCLE,JALORE DIST.JALORE,PIN CODE 343001",9413584231,JALOR,JALOR,RAJASTHAN
"THE RAJASTHAN STATE COOPERATIVE BANK LIMITED",RSCB0023012,343825012,"THE JALORE CENTRAL COOP BANKLTD","BUS STAND KE PASS,DHUMBADIYA,DIST.JALORE",254122,JALOR,JALOR,RAJASTHAN
"THE RAJASTHAN STATE COOPERATIVE BANK LIMITED",RSCB0023011,343825011,"THE JALORE CENTRAL COOP BANKLTD","POST MENGALWA,TEHSIL SAYLA DIST JALORE",270026,JALOR,JALOR,RAJASTHAN
"THE RAJASTHAN STATE COOPERATIVE BANK LIMITED",RSCB0023009,343825009,"THE JALORE CENTRAL COOP BANKLTD","BUS STAND KE PASS,RAMSIN,DIST.JALORE",233026,JALOR,JALOR,RAJASTHAN
"THE RAJASTHAN STATE COOPERATIVE BANK LIMITED",RSCB0023007,343825010,"THE JALORE CENTRAL COOP BANKLTD","POST ARNAI,TEHSIL SANCHORE DIST.JALORE",240087,JALOR,JALOR,RAJASTHAN
"THE RAJASTHAN STATE COOPERATIVE BANK LIMITED",RSCB0023006,343825008,"THE JALORE CENTRAL COOP BANKLTD","MAIN BAZAR,RANIWARA DIST.JALORE,PIN CODE 343040",232059,JALOR,JALOR,RAJASTHAN
"THE RAJASTHAN STATE COOPERATIVE BANK LIMITED",RSCB0023005,343825007,"THE JALORE CENTRAL COOP BANKLTD","OLD BUS STAND,JALORE ROAD,SAYLA DIST.JALORE",272142,JALOR,JALOR,RAJASTHAN
"THE RAJASTHAN STATE COOPERATIVE BANK LIMITED",RSCB0023004,343825006,"THE JALORE CENTRAL COOP BANKLTD","MAIN BAZAR,OPP RAMDEVJI TEMPLE,AHORE DIST.JALORE,307029",222024,JALOR,JALOR,RAJASTHAN
"THE RAJASTHAN STATE COOPERATIVE BANK LIMITED",RSCB0023003,343825004,"THE JALORE CENTRAL COOP BANK LTD","KHARI ROAD,BHINMAL,DIST.JALORE,PIN CODE 343029",220166,JALOR,JALOR,RAJASTHAN
"THE RAJASTHAN STATE COOPERATIVE BANK LIMITED",RSCB0023002,343825005,"THE JALORE CENTRAL COOP BANK LTD","RANIWARA ROAD,SANCHORE DIST.JALORE",283065,JALOR,JALOR,RAJASTHAN
"THE RAJASTHAN STATE COOPERATIVE BANK LIMITED",RSCB0023001,343825003,"THE JALORE CENTRAL COOP BANKLTD","VIRAMDEV CHOWK JALORE DIST.JALORE,343001",9784591448,JALOR,JALOR,RAJASTHAN
"THE RAJASTHAN STATE COOPERATIVE BANK LIMITED",RSCB0022099,302189001,"THE JAIPUR CENTRAL COOP BANK LTD","F 1,NARSURY CIRCLE,VAISHALI NAGAR,JAIPUR302021",217287,JAIPUR,JAIPUR,RAJASTHAN
"THE RAJASTHAN STATE COOPERATIVE BANK LIMITED",RSCB0022029,302189014,"THE JAIPUR CENTRAL CO-OPERATIVE BANK LTD,HARMARA","NINDAR MOD, SIKAR ROAD,",2264842,JAIPUR,JAIPUR-302013,RAJASTHAN
"THE RAJASTHAN STATE COOPERATIVE BANK LIMITED",RSCB0022028,NA,"THE JAIPUR CENTRAL COOP BANK LTD","JAIPUR COLLECTRATE,JAIPUR",0,JAIPUR,JAIPUR,RAJASTHAN
"THE RAJASTHAN STATE COOPERATIVE BANK LIMITED",RSCB0022027,303189086,"THE JAIPUR CENTRAL COOP BANK LTD","VILL POST TUNGA,BASSI,JAIPUR 303908",0,TOONGA,JAIPUR,RAJASTHAN
"THE RAJASTHAN STATE COOPERATIVE BANK LIMITED",RSCB0022026,303189080,"THE JAIPUR CENTRAL COOP BANK LTD","VILL POST KOTKHAWDA,CAKSHU,JAIPUR 303908",0,CHAKSU,JAIPUR,RAJASTHAN
"THE RAJASTHAN STATE COOPERATIVE BANK LIMITED",RSCB0022025,302189011,"THE JAIPUR CENTRAL COOP BANK LTD","VILL POST JALSHU,CHOMU,JAIPUR 303701",245327,JAIPUR,JAIPUR,RAJASTHAN
"THE RAJASTHAN STATE COOPERATIVE BANK LIMITED",RSCB0022024,303189079,"THE JAIPUR CENTRAL COOP BANK LTD","PURANA BUS STAND,GOVINDGARH,JAIPUR 303712",230012,JAIPUR,JAIPUR,RAJASTHAN
"THE RAJASTHAN STATE COOPERATIVE BANK LIMITED",RSCB0022023,302189007,"THE JAIPUR CENTRAL COOP BANK LTD","F 1,NARSURY CIRCLE,VAISHALI NAGAR,JAIPUR302021",217287,JAIPUR,JAIPUR,RAJASTHAN
"THE RAJASTHAN STATE COOPERATIVE BANK LIMITED",RSCB0022022,302189005,"THE JAIPUR CENTRAL COOP BANK LTD","KALWAR ROAD,JHOTWARA,JAIPUR 302012",234952,JAIPUR,JAIPUR,RAJASTHAN
"THE RAJASTHAN STATE COOPERATIVE BANK LIMITED",RSCB0022021,302189003,"THE JAIPUR CENTRAL COOP BANK LTD","B 8,CHANDPOLE ANAJMANDI,CHANDPOLE,JAIPUR 302001",236165,JAIPUR,JAIPUR,RAJASTHAN
"THE RAJASTHAN STATE COOPERATIVE BANK LIMITED",RSCB0022020,302189004,"THE JAIPUR CENTRAL COOP BANK LTD","IN JAIPUR HOTEL CAMPUS,OPP GOLCHA CINEMA,JAIPUR 302002",231052,JAIPUR,JAIPUR,RAJASTHAN
"THE RAJASTHAN STATE COOPERATIVE BANK LIMITED",RSCB0022019,303189076,"THE JAIPUR CENTRAL COOP BANK LTD","VILL POST JAMWARAMGARH,JAIPUR 303109",252384,"JAMWA RAMGARH",JAIPUR,RAJASTHAN
"THE RAJASTHAN STATE COOPERATIVE BANK LIMITED",RSCB0022018,303189075,"THE JAIPUR CENTRAL COOP BANK LTD","GORDHANPLAZA,KOTPUTALI,JAIPUR 303108",222060,KOTPUTLI,JAIPUR,RAJASTHAN
"THE RAJASTHAN STATE COOPERATIVE BANK LIMITED",RSCB0022017,303189084,"THE JAIPUR CENTRAL COOP BANK LTD","OPP SBBJ,MAIN MARKET,POATA,JAIPUR 303106",244129,PAOTA,JAIPUR,RAJASTHAN
"THE RAJASTHAN STATE COOPERATIVE BANK LIMITED",RSCB0022016,303189085,"THE JAIPUR CENTRAL COOP BANK LTD","ALWAR ROAD,VIRAT NAGAR,JAIPUR 303102",231445,JAIPUR,JAIPUR,RAJASTHAN
"THE RAJASTHAN STATE COOPERATIVE BANK LIMITED",RSCB0022015,303189100,"THE JAIPUR CENTRAL COOP BANK LTD","NEEM KA THANA ROAD,SHAHPURA,JAIPUR 303103",222060,SHAHPURA,JAIPUR,RAJASTHAN
"THE RAJASTHAN STATE COOPERATIVE BANK LIMITED",RSCB0022014,302189008,"THE JAIPUR CENTRAL COOP BANK LTD","BAPU MARKET,CHOMU,JAIPUR303702",220072,CHOMU,JAIPUR,RAJASTHAN
"THE RAJASTHAN STATE COOPERATIVE BANK LIMITED",RSCB0022013,303189083,"THE JAIPUR CENTRAL COOP BANK LTD","MAIN MARKET,RENWAL KISHANGARH,JAIPUR 303603",220063,RENWAL,JAIPUR,RAJASTHAN
"THE RAJASTHAN STATE COOPERATIVE BANK LIMITED",RSCB0022012,303189082,"THE JAIPUR CENTRAL COOP BANK LTD","DHAN MANDI,SAMBHER LAKE,SAMBER,JAIPUR 303604",224226,"SAMBHAR LAKE",JAIPUR,RAJASTHAN
"THE RAJASTHAN STATE COOPERATIVE BANK LIMITED",RSCB0022011,303189081,"THE JAIPUR CENTRAL COOP BANK LTD","POST OFFICE DUDU,OPP.FLYOVER,DUDU,JAIPUR 303008",227132,DUDU,JAIPUR,RAJASTHAN
"THE RAJASTHAN STATE COOPERATIVE BANK LIMITED",RSCB0022010,302189009,"THE JAIPUR CENTRAL COOP BANK LTD","NEAR ROADWAYS BUS STAND,OPP BANK OF BARODA,BAGRU,JAIPUR 303007",286535,BAGRU,JAIPUR,RAJASTHAN
"THE RAJASTHAN STATE COOPERATIVE BANK LIMITED",RSCB0022009,302189006,"THE JAIPUR CENTRAL COOP BANK LTD","NEAR CTS BUS STAND,SANGNER,JAIPUR 302029",273182,JAIPUR,JAIPUR,RAJASTHAN
"THE RAJASTHAN STATE COOPERATIVE BANK LIMITED",RSCB0022008,303189078,"THE JAIPUR CENTRAL COOP BANK LTD","MAIN BUS STAND,IN FRONT OF PANCHAYAT SAMITI,PHAGI,JAIPUR 303005",282144,PHAGI,JAIPUR,RAJASTHAN
"THE RAJASTHAN STATE COOPERATIVE BANK LIMITED",RSCB0022007,303189077,"THE JAIPUR CENTRAL COOP BANK LTD","INDRA MARKET,16 DUKAN,CHAKSU,JAIPUR 303901",243629,CHAKSU,JAIPUR,RAJASTHAN
"THE RAJASTHAN STATE COOPERATIVE BANK LIMITED",RSCB0022003,302189010,"THE JAIPUR CENTRAL COOP BANK LTD","MAIN MARKET,BASSI,JAIPUR 303301",222224,BASSI,JAIPUR,RAJASTHAN
"THE RAJASTHAN STATE COOPERATIVE BANK LIMITED",RSCB0022001,302189002,"THE JAIPUR CENTRAL COOP BANK LTD","66,AKAR BAHWAN,KISHANPOLE BAZAR,JAIPUR 302002",231312,JAIPUR,JAIPUR,RAJASTHAN
"THE RAJASTHAN STATE COOPERATIVE BANK LIMITED",RSCB0021099,314831000,"THE DUNGARPUR CENTRAL COOP LTD","NEAR SINDHI COLONY,NEW COLONY,DUNGARPUR314001",232460,DUNGARPUR,DUNGARPUR,RAJASTHAN
"THE RAJASTHAN STATE COOPERATIVE BANK LIMITED",RSCB0021009,314831002,"THE DUNGARPUR CENTRAL COOP LTD","GAP SAGAR KE PALS,DUNGARPUR314001",232202,DUNGARPUR,DUNGARPUR,RAJASTHAN
"THE RAJASTHAN STATE COOPERATIVE BANK LIMITED",RSCB0021008,314831003,"THE DUNGARPUR CENTRAL COOP LTD","COLLECTRATE KE SAMNE,SHREE MAHAVIR DIGAMBAR JAIN TEMPLE K NICHE,DUNGARPUR 314001",232366,DUNGARPUR,DUNGARPUR,RAJASTHAN
"THE RAJASTHAN STATE COOPERATIVE BANK LIMITED",RSCB0021007,314831503,"THE DUNGARPUR CENTRAL COOP LTD","RATANPUR ROAD,KANBA.314804",9829914513,DUNGARPUR,DUNGARPUR,RAJASTHAN
"THE RAJASTHAN STATE COOPERATIVE BANK LIMITED",RSCB0021006,314831301,"THE DUNGARPUR CENTRAL COOP LTD","BUS STAND K PAAS MUKAM POST SABLA314022",226236,DUNGARPUR,DUNGARPUR,RAJASTHAN
"THE RAJASTHAN STATE COOPERATIVE BANK LIMITED",RSCB0021005,314831502,"THE DUNGARPUR CENTRAL COOP LTD",KHADAGADHA314027,252986,DUNGARPUR,DUNGARPUR,RAJASTHAN
"THE RAJASTHAN STATE COOPERATIVE BANK LIMITED",RSCB0021004,314831504,"THE DUNGARPUR CENTRAL COOP LTD","GOVERDAN MANDIR ROAD,DHAMBOLA 314402",9460582277,DUNGARPUR,DUNGARPUR,RAJASTHAN
"THE RAJASTHAN STATE COOPERATIVE BANK LIMITED",RSCB0021003,314831051,"THE DUNGARPUR CENTRAL COOP LTD","MAIN BAZAAR,SIMALWADA314430",240126,DUNGARPUR,DUNGARPUR,RAJASTHAN
"THE RAJASTHAN STATE COOPERATIVE BANK LIMITED",RSCB0021002,314831101,"THE DUNGARPUR CENTRAL COOP LTD","SADAR BAZAR SAGWADA314025",252204,DUNGARPUR,DUNGARPUR,RAJASTHAN
"THE RAJASTHAN STATE COOPERATIVE BANK LIMITED",RSCB0021001,314831401,"THE DUNGARPUR CENTRAL COOP LTD","G.P.O.KE PAAS,MAIN ROAD AASPUR314021",220012,DUNGARPUR,DUNGARPUR,RAJASTHAN
"THE RAJASTHAN STATE COOPERATIVE BANK LIMITED",RSCB0020099,331818000,"THE CHURU CENTRAL COOP BANK LTD","HEAD OFFICE,NEAR DHARM STOOP,CHURU 331001",250344,CHURU,CHURU,RAJASTHAN
"THE RAJASTHAN STATE COOPERATIVE BANK LIMITED",RSCB0020013,331818105,SALASAR,"GANPATI PLAZA, OPP. BALAJI MANDIR, SALASAR, TEHSIL- SUJANGARH, DISTT.- CHURU (RAJ.) 331507",252241,SALASAR,CHURU,RAJASTHAN
"THE RAJASTHAN STATE COOPERATIVE BANK LIMITED",RSCB0020011,331818102,"THE CHURU CENTRAL COOP BANK LTD","JAIN MANDIR,GUDARI MARKET,CHURU 331001",250896,CHURU,CHURU,RAJASTHAN
"THE RAJASTHAN STATE COOPERATIVE BANK LIMITED",RSCB0020010,331818125,"THE CHURU CENTRAL COOP BANK LTD","POST SIDHMUKH,TEHSIL RAJGARH,DISTT.CHURU 331707",240036,CHURU,CHURU,RAJASTHAN
"THE RAJASTHAN STATE COOPERATIVE BANK LIMITED",RSCB0020008,331818103,"THE CHURU CENTRAL COOP BANK LTD","NEAR BUS STAND,BIDASAR,DISTT.CHURU 331501",262015,CHURU,CHURU,RAJASTHAN
"THE RAJASTHAN STATE COOPERATIVE BANK LIMITED",RSCB0020006,331818101,"THE CHURU CENTRAL COOP BANK LTD","NEAR BUS STAND,TARANAGAR,DISTT.CHURU 331304",240267,CHURU,CHURU,RAJASTHAN
"THE RAJASTHAN STATE COOPERATIVE BANK LIMITED",RSCB0020005,331818025,"THE CHURU CENTRAL COOP BANK LTD","KURESHI MARKET,RAJGARH SADULPUR DISTT.CHURU 331023",222068,CHURU,CHURU,RAJASTHAN
"THE RAJASTHAN STATE COOPERATIVE BANK LIMITED",RSCB0020004,331818075,"THE CHURU CENTRAL COOP BANK LTD","NEAR WHITE CLOCK TOWER,SARDARSHAHAR,DISTT.CHURU 331403",220184,CHURU,CHURU,RAJASTHAN
"THE RAJASTHAN STATE COOPERATIVE BANK LIMITED",RSCB0020003,331818100,"THE CHURU CENTRAL COOP BANK LTD","MAIN BAZAR,SUJANGARH,DISTT.CHURU 331507",220163,CHURU,CHURU,RAJASTHAN
"THE RAJASTHAN STATE COOPERATIVE BANK LIMITED",RSCB0020002,331818050,"THE CHURU CENTRAL COOP BANK LTD","GARH CIRCLE,MAIN BAZAR,RATANGARH,DISTT.CHURU 331022",222308,CHURU,CHURU,RAJASTHAN
"THE RAJASTHAN STATE COOPERATIVE BANK LIMITED",RSCB0020001,331818002,"THE CHURU CENTRAL COOP BANK LTD","NEAR DHARM STOOP,BISAU ROAD,CHURU 331001",250903,CHURU,CHURU,RAJASTHAN
"THE RAJASTHAN STATE COOPERATIVE BANK LIMITED",RSCB0019099,312814000,"CHITTORGARH CENTRAL COOP BANK LTD","IN FRONT OF APSARA CINEMA,CHITTORGARH 312001",9549628950,CHITTAURGARH,CHITTAURGARH,RAJASTHAN
"THE RAJASTHAN STATE COOPERATIVE BANK LIMITED",RSCB0019018,312814006,DALOT,"THE CHITTORGARH CENTRAL CO-OP BANK LTD., DALOT LAMPS GODOWN RATLAM PRATAPGARH ROAD TEHSIL DALOT, PRATAPGARH RAJASTHAN-312619",9950370094,PRATAPGARH,PRATAPGARH,RAJASTHAN
"THE RAJASTHAN STATE COOPERATIVE BANK LIMITED",RSCB0019017,312814005,"CHITTORGARH CENTRAL COOP BANK LTD","SUBHASH CHAUK,CHITTOGARH312001",0,CHITTAURGARH,CHITTAURGARH,RAJASTHAN
"THE RAJASTHAN STATE COOPERATIVE BANK LIMITED",RSCB0019016,312814004,"CHITTORGARH CENTRAL COOP BANK LTD","NEAR RAILWAY STATION,CHITTORGARH312001",0,CHITTAURGARH,CHITTAURGARH,RAJASTHAN
"THE RAJASTHAN STATE COOPERATIVE BANK LIMITED",RSCB0019015,312814211,"CHITTORGARH CENTRAL COOP BANK LTD","NEAR PANCHAYAT SAMITI,BHUPALSAGAR312204",224250,CHITTAURGARH,CHITTAURGARH,RAJASTHAN
"THE RAJASTHAN STATE COOPERATIVE BANK LIMITED",RSCB0019014,312814210,"CHITTORGARH CENTRAL COOP BANK LTD","OLD BUS STAND,BASSI312022",225029,CHITTAURGARH,CHITTAURGARH,RAJASTHAN
"THE RAJASTHAN STATE COOPERATIVE BANK LIMITED",RSCB0019013,312814209,"CHITTORGARH CENTRAL COOP BANK LTD","BHILWARA ROAD,RASHMI312206",226321,CHITTAURGARH,CHITTAURGARH,RAJASTHAN
"THE RAJASTHAN STATE COOPERATIVE BANK LIMITED",RSCB0019012,312814208,"CHITTORGARH CENTRAL COOP BANK LTD","SADAR BAZAR,BHADESAR312602",243231,CHITTAURGARH,CHITTAURGARH,RAJASTHAN
"THE RAJASTHAN STATE COOPERATIVE BANK LIMITED",RSCB0019011,312814207,"CHITTORGARH CENTRAL COOP BANK LTD","NEAR BUS STAND,DUNGLA312402",247229,CHITTAURGARH,CHITTAURGARH,RAJASTHAN
"THE RAJASTHAN STATE COOPERATIVE BANK LIMITED",RSCB0019010,312814206,"CHITTORGARH CENTRAL COOP BANK LTD","GOTMESHWAR ROAD,NEAR BUS STAND,ARNOD312615",242224,CHITTAURGARH,CHITTAURGARH,RAJASTHAN
"THE RAJASTHAN STATE COOPERATIVE BANK LIMITED",RSCB0019009,312814205,"CHITTORGARH CENTRAL COOP BANK LTD","SAMATA VATIKA,GANGRAR312901",220234,CHITTAURGARH,CHITTAURGARH,RAJASTHAN
"THE RAJASTHAN STATE COOPERATIVE BANK LIMITED",RSCB0019008,312814204,"CHITTORGARH CENTRAL COOP BANK LTD","NEEMACH ROAD,IN FORNT OF KRISHI UPAJ MANDI,CHOTISADRI312604",262427,CHITTAURGARH,CHITTAURGARH,RAJASTHAN
"THE RAJASTHAN STATE COOPERATIVE BANK LIMITED",RSCB0019007,323814203,"CHITTORGARH CENTRAL COOP BANK LTD","KOTA BARIOR,RAWATBHATA 323305",233228,CHITTAURGARH,CHITTAURGARH,RAJASTHAN
"THE RAJASTHAN STATE COOPERATIVE BANK LIMITED",RSCB0019006,312814052,"CHITTORGARH CENTRAL COOP BANK LTD","JHALA MANNA CHORAHA,BADISADRI 312401",264255,CHITTAURGARH,CHITTAURGARH,RAJASTHAN
"THE RAJASTHAN STATE COOPERATIVE BANK LIMITED",RSCB0019005,312814051,"CHITTORGARH CENTRAL COOP BANK LTD","STATION ROAD,KAPASAN 312205",230221,CHITTAURGARH,CHITTAURGARH,RAJASTHAN
"THE RAJASTHAN STATE COOPERATIVE BANK LIMITED",RSCB0019004,312814050,"CHITTORGARH CENTRAL COOP BANK LTD","BUS STAND,NIMBAHERA 312601",220036,CHITTAURGARH,CHITTAURGARH,RAJASTHAN
"THE RAJASTHAN STATE COOPERATIVE BANK LIMITED",RSCB0019003,312814202,"CHITTORGARH CENTRAL COOP BANK LTD","CHITOORGARH MAIN ROAD,BEGUN K V S BUILDING,BEGUN 312023",230108,CHITTAURGARH,CHITTAURGARH,RAJASTHAN
"THE RAJASTHAN STATE COOPERATIVE BANK LIMITED",RSCB0019002,312814201,"CHITTORGARH CENTRAL COOP BANK LTD","ABKARI ROAD,PRATAPGARH 312605",222034,CHITTAURGARH,CHITTAURGARH,RAJASTHAN
"THE RAJASTHAN STATE COOPERATIVE BANK LIMITED",RSCB0019001,312814002,"CHITTORGARH CENTRAL COOP BANK LTD","IN FRONT OF APSARA CINEMA,CHITTORGARH 312001",0,CHITTAURGARH,CHITTAURGARH,RAJASTHAN
"THE RAJASTHAN STATE COOPERATIVE BANK LIMITED",RSCB0018099,323711000,"THE BUNDI CENTRAL COOP BANK LTD","NH12,BYE PASS ROAD,BUNDI 323001",2443928,BUNDI,BUNDI,RAJASTHAN
"THE RAJASTHAN STATE COOPERATIVE BANK LIMITED",RSCB0018012,323711003,"THE BUNDI CENTRAL COOP BANK LTD","EVENING BR NH12,BYE PASS ROAD,BUNDI 323001",2447102,BUNDI,BUNDI,RAJASTHAN
"THE RAJASTHAN STATE COOPERATIVE BANK LIMITED",RSCB0018010,323711502,"THE BUNDI CENTRAL COOP BANK LTD","BUS STAND DABLANA 323026",274034,BUNDI,BUNDI,RAJASTHAN
"THE RAJASTHAN STATE COOPERATIVE BANK LIMITED",RSCB0018009,323711501,"THE BUNDI CENTRAL COOP BANK LTD","TAHASIL ROAD HINDOLI 323023",276229,BUNDI,BUNDI,RAJASTHAN
"THE RAJASTHAN STATE COOPERATIVE BANK LIMITED",RSCB0018008,323711104,"THE BUNDI CENTRAL COOP BANK LTD","GARH CHOK NAINWAN 323801",257233,BUNDI,BUNDI,RAJASTHAN
"THE RAJASTHAN STATE COOPERATIVE BANK LIMITED",RSCB0018007,323711106,"THE BUNDI CENTRAL COOP BANK LTD","BUS STAND DEI 323802",255278,BUNDI,BUNDI,RAJASTHAN
"THE RAJASTHAN STATE COOPERATIVE BANK LIMITED",RSCB0018006,323711103,"THE BUNDI CENTRAL COOP BANK LTD","BOTTOM LEVEL,LAKHERI 323603",261623,BUNDI,BUNDI,RAJASTHAN
"THE RAJASTHAN STATE COOPERATIVE BANK LIMITED",RSCB0018005,323711107,"THE BUNDI CENTRAL COOP BANK LTD","BUS STAND KAPRAN 323301",265766,BUNDI,BUNDI,RAJASTHAN
"THE RAJASTHAN STATE COOPERATIVE BANK LIMITED",RSCB0018004,323711101,"THE BUNDI CENTRAL COOP BANK LTD","SUGAR FACTORY,KESHORAIPATAN 323602",264239,BUNDI,BUNDI,RAJASTHAN
"THE RAJASTHAN STATE COOPERATIVE BANK LIMITED",RSCB0018003,323711102,"THE BUNDI CENTRAL COOP BANK LTD","CITY PATAN KESHORAI 323601",264222,BUNDI,BUNDI,RAJASTHAN
"THE RAJASTHAN STATE COOPERATIVE BANK LIMITED",RSCB0018002,323711105,"THE BUNDI CENTRAL COOP BANK LTD","TALERA 323021",2438328,BUNDI,BUNDI,RAJASTHAN
"THE RAJASTHAN STATE COOPERATIVE BANK LIMITED",RSCB0018001,323711002,"THE BUNDI CENTRAL COOP BANK LTD","KOTA ROAD BUNDI 323001",2443481,BUNDI,BUNDI,RAJASTHAN
"THE RAJASTHAN STATE COOPERATIVE BANK LIMITED",RSCB0017099,334512000,"THE CENTRAL COOP BANK LTD","9,KARNI NAGAR,VETERINARY COLLEGE ROAD,BIKANER334001",2544073,BIKANER,BIKANER,RAJASTHAN
"THE RAJASTHAN STATE COOPERATIVE BANK LIMITED",RSCB0017013,WAITING,"EXTENSION COUNTER MAIN BRANCH","THE BIKANER CENTRAL CO-OPERATIVE BANK LTD HO BIKANER URMAL DAIRY KE SAAMNE BIKANER RAJASTHAN",9610400027,BIKANER,BIKANER,RAJASTHAN
"THE RAJASTHAN STATE COOPERATIVE BANK LIMITED",RSCB0017012,WAITING,PUGAL,"THE BIKANER CENTRAL CO-OPERATIVE BANK LTD PUGAL BRANCH OLD GRAM PANCHAYAT BHAWAN NEAR BUS STAND PUGAL TEHSIL KHAJUWALA BIKANER RAJASTHAN",9799750521,PUGAL,BIKANER,RAJASTHAN
"THE RAJASTHAN STATE COOPERATIVE BANK LIMITED",RSCB0017011,334512003,"THE CENTRAL COOP BANK LTD","9,KARNI NAGAR,VETERINARY COLLEGE ROAD,BIKANER334001",9610400020,BIKANER,BIKANER,RAJASTHAN
"THE RAJASTHAN STATE COOPERATIVE BANK LIMITED",RSCB0017010,331512028,"THE CENTRAL COOP BANK LTD","KALU ROAD,DUNGARGARH331803",223080,BIKANER,BIKANER,RAJASTHAN
"THE RAJASTHAN STATE COOPERATIVE BANK LIMITED",RSCB0017009,334512031,"THE CENTRAL COOP BANK LTD","MIAN MARKET,BJJU TH.KOLAYAT334305",232142,BIKANER,BIKANER,RAJASTHAN
"THE RAJASTHAN STATE COOPERATIVE BANK LIMITED",RSCB0017008,334512030,"THE CENTRAL COOP BANK LTD","ANUPGARH ROAD,NEAR BUS STAND CHATTERGARH334021",242248,BIKANER,BIKANER,RAJASTHAN
"THE RAJASTHAN STATE COOPERATIVE BANK LIMITED",RSCB0017007,334512026,"THE CENTRAL COOP BANK LTD","NEAR BUS STAND,JASRASAR TH.NOKHA334802",9610400027,BIKANER,BIKANER,RAJASTHAN
"THE RAJASTHAN STATE COOPERATIVE BANK LIMITED",RSCB0017006,334512027,"THE CENTRAL COOP BANK LTD","KAPIL BHAWAN,KOLAYAT334302",236033,BIKANER,BIKANER,RAJASTHAN
"THE RAJASTHAN STATE COOPERATIVE BANK LIMITED",RSCB0017005,334512032,"THE CENTRAL COOP BANK LTD","NEAR IGNP GUEST HOUSE,POST BERIYAWALI TH.KHAJUWALA334023",232256,BIKANER,BIKANER,RAJASTHAN
"THE RAJASTHAN STATE COOPERATIVE BANK LIMITED",RSCB0017004,334512025,"THE CENTRAL COOP BANK LTD","NEAR RATHI PETROLL PUMP,NOKHA 334803",9610400034,BIKANER,BIKANER,RAJASTHAN
"THE RAJASTHAN STATE COOPERATIVE BANK LIMITED",RSCB0017003,334512029,"THE CENTRAL COOP BANK LTD","NEAR SAGAR HOTEL,KALU ROAD,LOONKARANSAR334603",272045,BIKANER,BIKANER,RAJASTHAN
"THE RAJASTHAN STATE COOPERATIVE BANK LIMITED",RSCB0017002,334512003,"THE CENTRAL COOP BANK LTD","KEM ROAD,BIKANER334001",2544153,BIKANER,BIKANER,RAJASTHAN
"THE RAJASTHAN STATE COOPERATIVE BANK LIMITED",RSCB0017001,334512002,"THE CENTRAL COOP BANK LTD","NEAR HARIYANA HOTEL,G.S.ROAD,BIKANER334001",2544232,BIKANER,BIKANER,RAJASTHAN
"THE RAJASTHAN STATE COOPERATIVE BANK LIMITED",RSCB0016099,311630000,"THE CENTRAL COOP BANKLTD","BHILWARA,52,BALAJI MARKET,BHILWARA 311001",220090,BHILWARA,BHILWARA,RAJASTHAN
"THE RAJASTHAN STATE COOPERATIVE BANK LIMITED",RSCB0016017,311630003,"THE CENTRAL COOP BANKLTD","1,HEERA PANNA MARKET,PUR ROAD,BHILWARA 311001",246990,BHILWARA,BHILWARA,RAJASTHAN
"THE RAJASTHAN STATE COOPERATIVE BANK LIMITED",RSCB0016016,311630038,"THE CENTRAL COOP BANKLTD","NEAR MAHUWA GSS,BUNDI ROAD,NEAR BUS STAND,MAHUWA,BHILWARA,311604",234037,BHILWARA,BHILWARA,RAJASTHAN
"THE RAJASTHAN STATE COOPERATIVE BANK LIMITED",RSCB0016015,311630027,"THE CENTRAL COOP BANKLTD","NEAR BUS STAND SHMBHUGARH,PANCHAYAT SAMITI ASIND,BHILWARA RAJ.311204",223328,BHILWARA,BHILWARA,RAJASTHAN
"THE RAJASTHAN STATE COOPERATIVE BANK LIMITED",RSCB0016014,311630030,"THE CENTRAL COOP BANKLTD","NEAR GRAM PANCHAYAT,STATION ROAD HAMIRGARH,DISTT BHILWARA RAJ.311025",286429,BHILWARA,BHILWARA,RAJASTHAN
"THE RAJASTHAN STATE COOPERATIVE BANK LIMITED",RSCB0016013,311630032,"THE CENTRAL COOP BANKLTD","KAREDA GSS,NEAR BUS STAND,KERADA,BHILWARA RAJ.311804",262022,BHILWARA,BHILWARA,RAJASTHAN
"THE RAJASTHAN STATE COOPERATIVE BANK LIMITED",RSCB0016012,311630036,"THE CENTRAL COOP BANKLTD","NEAR MANDAL KVSS,MANDAL,BHILWARA RAJ.311403",266648,BHILWARA,BHILWARA,RAJASTHAN
"THE RAJASTHAN STATE COOPERATIVE BANK LIMITED",RSCB0016011,311630037,"THE CENTRAL COOP BANKLTD","NEAR POLICE CHOKI,BANERA BHILWARA,RAJ.311401",272036,BHILWARA,BHILWARA,RAJASTHAN
"THE RAJASTHAN STATE COOPERATIVE BANK LIMITED",RSCB0016010,311630031,"THE CENTRAL COOP BANKLTD","NEAR BUS STAND,KOTRI,BHILWARA RAJ.311603",235233,BHILWARA,BHILWARA,RAJASTHAN
"THE RAJASTHAN STATE COOPERATIVE BANK LIMITED",RSCB0016009,311630033,"THE CENTRAL COOP BANKLTD","NEAR NARSINGH DUAR,PANCHAYAT SAMITI ROAD.ASIND,BHILWARA,RAJ.311301",220122,BHILWARA,BHILWARA,RAJASTHAN
"THE RAJASTHAN STATE COOPERATIVE BANK LIMITED",RSCB0016008,311630034,"THE CENTRAL COOP BANKLTD","BEHIND BOB,RAIPUR GSS LTD.RAIPUR,BHILWARA,RAJ.311803",230029,BHILWARA,BHILWARA,RAJASTHAN
"THE RAJASTHAN STATE COOPERATIVE BANK LIMITED",RSCB0016007,311630026,"THE CENTRAL COOP BANKLTD","NEAR NEW MARKETING,TEHSIL MANDALGARH,BHILWARA,RAJ.311602",236036,BHILWARA,BHILWARA,RAJASTHAN
"THE RAJASTHAN STATE COOPERATIVE BANK LIMITED",RSCB0016006,311630035,"THE CENTRAL COOP BANKLTD","NOW CHOWK,JAHAZPUR,BHILWARA RAJ.311201",230025,BHILWARA,BHILWARA,RAJASTHAN
"THE RAJASTHAN STATE COOPERATIVE BANK LIMITED",RSCB0016005,311630028,"THE CENTRAL COOP BANKLTD","NEAR GANGAPUR KVSS,NEAR BUS STAND,GANGAPUR,ASTT BHILWARA 311801",220018,BHILWARA,BHILWARA,RAJASTHAN
"THE RAJASTHAN STATE COOPERATIVE BANK LIMITED",RSCB0016004,311163002,"THE CENTRAL COOP BANKLTD","NEAR KVSS HURDA ROAD GULABPURA,BHILWARA,RAJ.311021",223023,BHILWARA,BHILWARA,RAJASTHAN
"THE RAJASTHAN STATE COOPERATIVE BANK LIMITED",RSCB0016003,311630029,"THE CENTRAL COOP BANKLTD","BUS STAND ROAD,NEAR BANK OF BARODA,MANDAL GARH,BHILWARA,RAJ.311604",230110,BHILWARA,BHILWARA,RAJASTHAN
"THE RAJASTHAN STATE COOPERATIVE BANK LIMITED",RSCB0016002,311630200,"THE CENTRAL COOP BANKLTD","NEAR BALAJI KI CHATTRI,SHAHPUR,BHILWARA,RAJ.311404",222209,BHILWARA,BHILWARA,RAJASTHAN
"THE RAJASTHAN STATE COOPERATIVE BANK LIMITED",RSCB0016001,311630002,"THE CENTRAL COOP BANKLTD","52,BALAJI MARKET,BHILWARA 311001",220209,BHILWARA,BHILWARA,RAJASTHAN
"THE RAJASTHAN STATE COOPERATIVE BANK LIMITED",RSCB0015099,321804000,"THE BHARATPUR CENTRAL COOP BANK LTD","NEAR OLD POWER HOUSE,BHARATPUR 321001",222259,BHARATPUR,BHARATPUR,RAJASTHAN
"THE RAJASTHAN STATE COOPERATIVE BANK LIMITED",RSCB0015016,328804058,RAJAKHERA,"PINAHAT ROAD, RAJAKHERA BY PASS ROAD, RAJAKHERA",8094678620,RAJAKHERA,DHOLPUR,RAJASTHAN
"THE RAJASTHAN STATE COOPERATIVE BANK LIMITED",RSCB0015015,NA,BHARATPUR,"NEAR RAJASTHAN GRAMIN BANK,JAGNER ROAD,BASEDI,DHOLPUR",0,DHOLPUR,BHARATPUR,RAJASTHAN
"THE RAJASTHAN STATE COOPERATIVE BANK LIMITED",RSCB0015014,NA,"THE BHARATPUR CENTRAL COOP BANK LTD","K.V.S.S CAMPUS,DHOLPUR 320081",220631,DHOLPUR,DHOLPUR,RAJASTHAN
"THE RAJASTHAN STATE COOPERATIVE BANK LIMITED",RSCB0015013,NA,"THE BHARATPUR CENTRAL COOP BANK LTD","SITARAM BAZAR,BAARI 328021",273742,DHOLPUR,DHOLPUR,RAJASTHAN
"THE RAJASTHAN STATE COOPERATIVE BANK LIMITED",RSCB0015012,321804056,"THE BHARATPUR CENTRAL COOP BANK LTD","NEAR ROOPWAS K.V.S.S,ROOPWAS 321404",273207,BHARATPUR,BHARATPUR,RAJASTHAN
"THE RAJASTHAN STATE COOPERATIVE BANK LIMITED",RSCB0015011,321804055,"THE BHARATPUR CENTRAL COOP BANK LTD","NEAR KRISHI UPAJ MANDI,BAYANA 321401",222006,BHARATPUR,BHARATPUR,RAJASTHAN
"THE RAJASTHAN STATE COOPERATIVE BANK LIMITED",RSCB0015010,321804054,"THE BHARATPUR CENTRAL COOP BANK LTD","NEAR BUS STAND,BHUSAWER 321406",270045,BHARATPUR,BHARATPUR,RAJASTHAN
"THE RAJASTHAN STATE COOPERATIVE BANK LIMITED",RSCB0015009,321804050,"THE BHARATPUR CENTRAL COOP BANK LTD","NEAR TEHSIL,NADBAI 321602",273678,BHARATPUR,BHARATPUR,RAJASTHAN
"THE RAJASTHAN STATE COOPERATIVE BANK LIMITED",RSCB0015008,321804051,"THE BHARATPUR CENTRAL COOP BANK LTD","BEHIND TEHSIL,NAGAR 321205",9829290597,BHARATPUR,BHARATPUR,RAJASTHAN
"THE RAJASTHAN STATE COOPERATIVE BANK LIMITED",RSCB0015007,NA,"THE BHARATPUR CENTRAL COOP BANK LTD","MAIN MARKET,KAMAN 321022",250022,BHARATPUR,BHARATPUR,RAJASTHAN
"THE RAJASTHAN STATE COOPERATIVE BANK LIMITED",RSCB0015006,321804053,"THE BHARATPUR CENTRAL COOP BANK LTD","NEAR ANAAJ MANDI,DEEG 321203",220040,BHARATPUR,BHARATPUR,RAJASTHAN
"THE RAJASTHAN STATE COOPERATIVE BANK LIMITED",RSCB0015005,321804052,"THE BHARATPUR CENTRAL COOP BANK LTD","PNCHAYAT SAMITI,KUMHER 321201",240048,BHARATPUR,BHARATPUR,RAJASTHAN
"THE RAJASTHAN STATE COOPERATIVE BANK LIMITED",RSCB0015004,321804001,"THE BHARATPUR CENTRAL COOP BANK LTD","NEAR OLD POWER HOUSE,BHARATPUR 321001",222259,BHARATPUR,BHARATPUR,RAJASTHAN
"THE RAJASTHAN STATE COOPERATIVE BANK LIMITED",RSCB0015003,321804004,"THE BHARATPUR CENTRAL COOP BANK LTD","NAYE MANDI,BHARATPUR 321001",223772,BHARATPUR,BHARATPUR,RAJASTHAN
"THE RAJASTHAN STATE COOPERATIVE BANK LIMITED",RSCB0015002,NA,"THE BHARATPUR CENTRAL COOP BANK LTD","CIRCULER ROAD,KUMHERI GATE,BHARATPUR 321001",261487,BHARATPUR,BHARATPUR,RAJASTHAN
"THE RAJASTHAN STATE COOPERATIVE BANK LIMITED",RSCB0015001,321804003,"THE BHARATPUR CENTRAL COOP BANK LTD","SARAFA BAZAR,BHARATPUR 321001",223538,BHARATPUR,BHARATPUR,RAJASTHAN
"THE RAJASTHAN STATE COOPERATIVE BANK LIMITED",RSCB0014099,344809000,"THE BARMER CENTRAL COOP BANKLTD","MAHAVEER NAGAR BARMER34401",345220461,BARMER,BARMER,RAJASTHAN
"THE RAJASTHAN STATE COOPERATIVE BANK LIMITED",RSCB0014028,344809007,GIDA,"GRAM POST,GIDA,DISTRICT-BARMER(RAJ)",9784942009,BARMER,BARMER,RAJASTHAN
"THE RAJASTHAN STATE COOPERATIVE BANK LIMITED",RSCB0014027,WAITING,BATADU,"MAIN BAZAR BATADU TEHSIL BAITU DISTT.RAJASTHAN",9784942070,BATADU,BARMER,RAJASTHAN
"THE RAJASTHAN STATE COOPERATIVE BANK LIMITED",RSCB0014026,344809041,"THE BARMER CENTRAL COOP BANKLTD","RAMSAR DISTTBARMER344502",9784942072,BARMER,BARMER,RAJASTHAN
"THE RAJASTHAN STATE COOPERATIVE BANK LIMITED",RSCB0014025,344809029,"THE BARMER CENTRAL COOP BANKLTD","SEDWA DISTTBARMER344706",9784942074,BARMER,BARMER,RAJASTHAN
"THE RAJASTHAN STATE COOPERATIVE BANK LIMITED",RSCB0014022,344809005,"THE BARMER CENTRAL COOP BANKLTD","VIVEKANAND CIRCLE BARMER344001",224736,BARMER,BARMER,RAJASTHAN
"THE RAJASTHAN STATE COOPERATIVE BANK LIMITED",RSCB0014021,344809006,"THE BARMER CENTRAL COOP BANKLTD","SINDHARY CHORAYA BARMER344001",220622,BARMER,BARMER,RAJASTHAN
"THE RAJASTHAN STATE COOPERATIVE BANK LIMITED",RSCB0014020,344809027,"THE BARMER CENTRAL COOP BANKLTD","JASOL DISTTBARMER344022",240035,BARMER,BARMER,RAJASTHAN
"THE RAJASTHAN STATE COOPERATIVE BANK LIMITED",RSCB0014019,344809033,"THE BARMER CENTRAL COOP BANKLTD","GADRA ROAD DISTTBARMER344003",278322,BARMER,BARMER,RAJASTHAN
"THE RAJASTHAN STATE COOPERATIVE BANK LIMITED",RSCB0014018,344809038,"THE BARMER CENTRAL COOP BANKLTD","KALYANPUR DISTTBARMER344026",255036,BARMER,BARMER,RAJASTHAN
"THE RAJASTHAN STATE COOPERATIVE BANK LIMITED",RSCB0014017,344809031,"THE BARMER CENTRAL COOP BANKLTD","GUDAMALANI DISTTBARMER344031",280033,BARMER,BARMER,RAJASTHAN
"THE RAJASTHAN STATE COOPERATIVE BANK LIMITED",RSCB0014016,344809043,"THE BARMER CENTRAL COOP BANKLTD","SAMDARI DISTTBARMER344021",276244,BARMER,BARMER,RAJASTHAN
"THE RAJASTHAN STATE COOPERATIVE BANK LIMITED",RSCB0014015,344809034,"THE BARMER CENTRAL COOP BANKLTD","SINDHARY DISTTBARMER344003",284422,BARMER,BARMER,RAJASTHAN
"THE RAJASTHAN STATE COOPERATIVE BANK LIMITED",RSCB0014014,344809037,"THE BARMER CENTRAL COOP BANKLTD","SAWAU PADAM SINGH DISTTBARMER344037",256721,BARMER,BARMER,RAJASTHAN
"THE RAJASTHAN STATE COOPERATIVE BANK LIMITED",RSCB0014012,344809042,"THE BARMER CENTRAL COOP BANKLTD","PATODI DISTTBARMER344032",254600,BARMER,BARMER,RAJASTHAN
"THE RAJASTHAN STATE COOPERATIVE BANK LIMITED",RSCB0014011,344809035,"THE BARMER CENTRAL COOP BANKLTD","NOKHDA DISTTBARMER344703",9784942053,BARMER,BARMER,RAJASTHAN
"THE RAJASTHAN STATE COOPERATIVE BANK LIMITED",RSCB0014010,344809026,"THE BARMER CENTRAL COOP BANKLTD","2ND RAILWAY CROSSING BALOTARA344022",221313,BARMER,BARMER,RAJASTHAN
"THE RAJASTHAN STATE COOPERATIVE BANK LIMITED",RSCB0014009,344809040,"THE BARMER CENTRAL COOP BANKLTD","PADRU DISTTBARMER344801",234490,BARMER,BARMER,RAJASTHAN
"THE RAJASTHAN STATE COOPERATIVE BANK LIMITED",RSCB0014008,344809032,"THE BARMER CENTRAL COOP BANKLTD","SHEO DISTTBARMER344701",253007,BARMER,BARMER,RAJASTHAN
"THE RAJASTHAN STATE COOPERATIVE BANK LIMITED",RSCB0014007,344809039,"THE BARMER CENTRAL COOP BANKLTD","SIWANA DISTTBARMER344044",230653,BARMER,BARMER,RAJASTHAN
"THE RAJASTHAN STATE COOPERATIVE BANK LIMITED",RSCB0014006,344809028,"THE BARMER CENTRAL COOP BANKLTD","CHOHTAN DISTTBARMER344002",286138,BARMER,BARMER,RAJASTHAN
"THE RAJASTHAN STATE COOPERATIVE BANK LIMITED",RSCB0014005,344809030,"THE BARMER CENTRAL COOP BANKLTD","DHORIMANNA DISTTBARMER344704",264233,BARMER,BARMER,RAJASTHAN
"THE RAJASTHAN STATE COOPERATIVE BANK LIMITED",RSCB0014004,344809036,"THE BARMER CENTRAL COOP BANKLTD","OPP.PANCHYAT SAMITI BAYTU344034",241122,BARMER,BARMER,RAJASTHAN
"THE RAJASTHAN STATE COOPERATIVE BANK LIMITED",RSCB0014003,344809025,"THE BARMER CENTRAL COOP BANKLTD","COURT ROAD BALOTARA344022",220135,BARMER,BARMER,RAJASTHAN
"THE RAJASTHAN STATE COOPERATIVE BANK LIMITED",RSCB0014002,344809003,"THE BARMER CENTRAL COOP BANKLTD","LAXMI BAZAR BARMER344001",220213,BARMER,BARMER,RAJASTHAN
"THE RAJASTHAN STATE COOPERATIVE BANK LIMITED",RSCB0014001,344809002,"THE BARMER CENTRAL COOP BANKLTD","STATION ROAD BARMER344001",220046,BARMER,BARMER,RAJASTHAN
"THE RAJASTHAN STATE COOPERATIVE BANK LIMITED",RSCB0013099,327815000,"THE BANSWARA CENTRAL COOP BANKLTD","BCCB,COLLEGE ROAD,BANSWARA327001",241375,BANSWARA,BANSWARA,RAJASTHAN
"THE RAJASTHAN STATE COOPERATIVE BANK LIMITED",RSCB0013011,327815052,TALWARA,"OPPOSITE PANCHAYAT SAMITI OFFICE, TALWARA",241375,TALWARA,BANSWARA,RAJASTHAN
"THE RAJASTHAN STATE COOPERATIVE BANK LIMITED",RSCB0013010,327815051,GANGARTALAI,"AMBIKA CHOWK, GANGARTALAI",243784,BANSWARA,BANSWARA,RAJASTHAN
"THE RAJASTHAN STATE COOPERATIVE BANK LIMITED",RSCB0013009,327815002,"THE BANSWARA CENTRAL COOP BANKLTD","BCCB,COLLEGE ROAD,BANSWARA327001",244065,BANSWARA,BANSWARA,RAJASTHAN
"THE RAJASTHAN STATE COOPERATIVE BANK LIMITED",RSCB0013008,327815003,"THE BANSWARA CENTRAL COOP BANKLTD","NAI ABADI,BANSWARA327001",243424,BANSWARA,BANSWARA,RAJASTHAN
"THE RAJASTHAN STATE COOPERATIVE BANK LIMITED",RSCB0013007,327815031,"THE BANSWARA CENTRAL COOP BANKLTD","OPP.PANCHAYAT SAMITI,ANANDPURI 327031",287464,BANSWARA,BANSWARA,RAJASTHAN
"THE RAJASTHAN STATE COOPERATIVE BANK LIMITED",RSCB0013006,327815030,"THE BANSWARA CENTRAL COOP BANKLTD","SAJJANGARH 327602",273215,BANSWARA,BANSWARA,RAJASTHAN
"THE RAJASTHAN STATE COOPERATIVE BANK LIMITED",RSCB0013005,327815029,"THE BANSWARA CENTRAL COOP BANKLTD","POST OFFICE CHOURAHA,GHANTOL327023",235138,BANSWARA,BANSWARA,RAJASTHAN
"THE RAJASTHAN STATE COOPERATIVE BANK LIMITED",RSCB0013004,327815028,"THE BANSWARA CENTRAL COOP BANKLTD","NR.BUS STAND,BAGIDORA327601",280021,BANSWARA,BANSWARA,RAJASTHAN
"THE RAJASTHAN STATE COOPERATIVE BANK LIMITED",RSCB0013003,327815027,"THE BANSWARA CENTRAL COOP BANKLTD","NR.BUS STAND,KUSHALGARH 327801",275229,BANSWARA,BANSWARA,RAJASTHAN
"THE RAJASTHAN STATE COOPERATIVE BANK LIMITED",RSCB0013002,327815026,"THE BANSWARA CENTRAL COOP BANKLTD","GANDHI ASHRAM,SADAR BAZAR,PARTAPUR327024",220048,BANSWARA,BANSWARA,RAJASTHAN
"THE RAJASTHAN STATE COOPERATIVE BANK LIMITED",RSCB0013001,327815004,"THE BANSWARA CENTRAL COOP BANKLTD","SADAR BAZAR,BANSWARA327001",243716,BANSWARA,BANSWARA,RAJASTHAN
"THE RAJASTHAN STATE COOPERATIVE BANK LIMITED",RSCB0012099,301802000,"THE ALWAR CENTRAL COOP BANKLTD","HOPE CIRCUS,ALWAR301001",2703489,ALWAR,ALWAR,RAJASTHAN
"THE RAJASTHAN STATE COOPERATIVE BANK LIMITED",RSCB0012017,301802004,GOVINDGARH,"MAIN MARKET GOVINDGARH",2701121,ALWAR,ALWAR-301001,RAJASTHAN
"THE RAJASTHAN STATE COOPERATIVE BANK LIMITED",RSCB0012016,301802036,"THE ALWAR CENTRAL COOP BANKLTD","NEAR GOVT.HOSPITAL TAPUKRA 301707",243118,ALWAR,ALWAR,RAJASTHAN
"THE RAJASTHAN STATE COOPERATIVE BANK LIMITED",RSCB0012015,301802031,"THE ALWAR CENTRAL COOP BANKLTD","SABJI MANDI CHOWK,THANAGAZI301022",224228,ALWAR,ALWAR,RAJASTHAN
"THE RAJASTHAN STATE COOPERATIVE BANK LIMITED",RSCB0012014,301802035,"THE ALWAR CENTRAL COOP BANKLTD","NEAR PNB,RAINI301409",242173,ALWAR,ALWAR,RAJASTHAN
"THE RAJASTHAN STATE COOPERATIVE BANK LIMITED",RSCB0012013,301802101,"THE ALWAR CENTRAL COOP BANKLTD","NEAR PANCHAYAT SAMITI,NEEMRANA301705",246334,ALWAR,ALWAR,RAJASTHAN
"THE RAJASTHAN STATE COOPERATIVE BANK LIMITED",RSCB0012012,301802029,"THE ALWAR CENTRAL COOP BANKLTD","SABJI MANDI,NEAR TEHSILDAR QUARTER,BANSUR301402",220008,ALWAR,ALWAR,RAJASTHAN
"THE RAJASTHAN STATE COOPERATIVE BANK LIMITED",RSCB0012011,301802030,"THE ALWAR CENTRAL COOP BANKLTD","NEAR PANCHAYAT SAMITI,MUNDAWAR301407",260002,ALWAR,ALWAR,RAJASTHAN
"THE RAJASTHAN STATE COOPERATIVE BANK LIMITED",RSCB0012010,301802034,"THE ALWAR CENTRAL COOP BANKLTD","OPP.POLICE STATION,KOTKASIM 301702",235227,ALWAR,ALWAR,RAJASTHAN
"THE RAJASTHAN STATE COOPERATIVE BANK LIMITED",RSCB0012009,321802033,"THE ALWAR CENTRAL COOP BANKLTD","NEAR PANCHAYAT SAMITI,LAXMANGARH321607",233025,ALWAR,ALWAR,RAJASTHAN
"THE RAJASTHAN STATE COOPERATIVE BANK LIMITED",RSCB0012008,301802028,"THE ALWAR CENTRAL COOP BANKLTD","IN FRONT OF PANCHAYAT SAMITI,VIKAS PATH,TIJARA301411",262034,ALWAR,ALWAR,RAJASTHAN
"THE RAJASTHAN STATE COOPERATIVE BANK LIMITED",RSCB0012007,301802032,"THE ALWAR CENTRAL COOP BANKLTD","NEAR HANS MARRIAGE HOME,RAMGARH301026",232028,ALWAR,ALWAR,RAJASTHAN
"THE RAJASTHAN STATE COOPERATIVE BANK LIMITED",RSCB0012006,301802075,"THE ALWAR CENTRAL COOP BANKLTD","GOAL MARKET,NEHRU CIRCLE,RAJGARH301048",220023,ALWAR,ALWAR,RAJASTHAN
"THE RAJASTHAN STATE COOPERATIVE BANK LIMITED",RSCB0012005,301802025,"THE ALWAR CENTRAL COOP BANKLTD","IN FRONT OF PANCHAYAT SAMITI,MAIN ROAD,BEHROR301701",220029,ALWAR,ALWAR,RAJASTHAN
"THE RAJASTHAN STATE COOPERATIVE BANK LIMITED",RSCB0012004,321802027,"THE ALWAR CENTRAL COOP BANKLTD","JAIN DHARMSHALA,KATHUMAR,KHERLI321606",220064,ALWAR,ALWAR,RAJASTHAN
"THE RAJASTHAN STATE COOPERATIVE BANK LIMITED",RSCB0012003,301802026,"THE ALWAR CENTRAL COOP BANKLTD","KISHANGARH ROAD,NEAR RAILWAY FATAK301404",222093,ALWAR,ALWAR,RAJASTHAN
"THE RAJASTHAN STATE COOPERATIVE BANK LIMITED",RSCB0012002,301802003,"THE ALWAR CENTRAL COOP BANKLTD","298,SCHEME 1,ARYA NAGAR,ALWAR 301001",2346782,ALWAR,ALWAR,RAJASTHAN
"THE RAJASTHAN STATE COOPERATIVE BANK LIMITED",RSCB0012001,301802002,"THE ALWAR CENTRAL COOP BANKLTD","HOPE CIRCUS,ALWAR 301001",2340857,ALWAR,ALWAR,RAJASTHAN
"THE RAJASTHAN STATE COOPERATIVE BANK LIMITED",RSCB0011099,305501000,"AJMER CENTRAL COOP BANK LTD","AJMER CENTRAL COOPERATIVE BANK LTD,HEAD OFFICE,JAIPUR ROAD,PB156 AJMER PIN CODE NO 305001",2431613,AJMER,AJMER,RAJASTHAN
"THE RAJASTHAN STATE COOPERATIVE BANK LIMITED",RSCB0011013,305501033,"AJMER CENTRAL COOP BANK LTD","NEAR BUS STAND SARWAR PIN CODE NO 305403",230030,AJMER,AJMER,RAJASTHAN
"THE RAJASTHAN STATE COOPERATIVE BANK LIMITED",RSCB0011012,305501032,"AJMER CENTRAL COOP BANK LTD","NAGAR PALIKA BULDING PUSHKAR PIN CODE NO 305022",2772007,AJMER,AJMER,RAJASTHAN
"THE RAJASTHAN STATE COOPERATIVE BANK LIMITED",RSCB0011011,305501031,"AJMER CENTRAL COOP BANK LTD","NEAR BUS STAND ROAD PISANGAN PIN CODE NO 305201",2775234,AJMER,AJMER,RAJASTHAN
"THE RAJASTHAN STATE COOPERATIVE BANK LIMITED",RSCB0011010,305501030,"AJMER CENTRAL COOP BANK LTD","KRSHI MANDISUBHASH GANJ ANAJ MANDI,NASIRABAD PIN CODE NO 305601",220057,AJMER,AJMER,RAJASTHAN
"THE RAJASTHAN STATE COOPERATIVE BANK LIMITED",RSCB0011009,305501029,"AJMER CENTRAL COOP BANK LTD","NEAR BUS STAND MASUDA PIN CODE NO 305623",266908,AJMER,AJMER,RAJASTHAN
"THE RAJASTHAN STATE COOPERATIVE BANK LIMITED",RSCB0011008,305501028,"AJMER CENTRAL COOP BANK LTD","NEAR BUS STAND KISHANGARH PIN CODE NO 305801",246595,AJMER,AJMER,RAJASTHAN
"THE RAJASTHAN STATE COOPERATIVE BANK LIMITED",RSCB0011007,305501075,"AJMER CENTRAL COOP BANK LTD","OPP.NAGAR PALIKA,NEAR POLIC THANA KEKRI PIN CODE NO 305404",220046,AJMER,AJMER,RAJASTHAN
"THE RAJASTHAN STATE COOPERATIVE BANK LIMITED",RSCB0011006,305501050,"AJMER CENTRAL COOP BANK LTD","KRSHI MANDI SAMITI BIJAYNAGER PIN CODE NO 305624",230060,AJMER,AJMER,RAJASTHAN
"THE RAJASTHAN STATE COOPERATIVE BANK LIMITED",RSCB0011005,305501027,"AJMER CENTRAL COOP BANK LTD","NEAR COMMUNITY HEALTH CENTRE,OPP.GOVT.HOSPITAL BHINAI PIN CODE NO 305622",273428,AJMER,AJMER,RAJASTHAN
"THE RAJASTHAN STATE COOPERATIVE BANK LIMITED",RSCB0011004,305501025,"AJMER CENTRAL COOP BANK LTD","SHANTI TAWAR,CHANG GATE,BEAWAR PIN CODE NO 305901",257578,AJMER,AJMER,RAJASTHAN
"THE RAJASTHAN STATE COOPERATIVE BANK LIMITED",RSCB0011003,305501026,"AJMER CENTRAL COOP BANK LTD","NEAR GOVT.HOSPITAL ARAIN,MAIN ROAD AJMER PIN CODE NO 305813",281125,AJMER,AJMER,RAJASTHAN
"THE RAJASTHAN STATE COOPERATIVE BANK LIMITED",RSCB0011002,305501002,"AJMER CENTRAL COOP BANK LTD","KHAILAND MARKET AJMER PIN CODE NO 305001",2423742,AJMER,AJMER,RAJASTHAN
"THE RAJASTHAN STATE COOPERATIVE BANK LIMITED",RSCB0011001,305501001,"AJMER CENTRAL COOP BANK LTD","PB156 AJMER PIN CODE NO 305001",2627396,AJMER,AJMER,RAJASTHAN
"THE RAJASTHAN STATE COOPERATIVE BANK LIMITED",RSCB0000017,302190013,"SIKAR ROAD","SHOP NO. 32,33 OPP. GORAS BHANDAR KEDIA PALACE ROAD, SIKAR ROAD JAIPUR - 302013",2330988,JAIPUR,JAIPUR,RAJASTHAN
"THE RAJASTHAN STATE COOPERATIVE BANK LIMITED",RSCB0000016,302190014,JAGATPURA,"D-23, ANAND VIHAR, RAILWAY COLONY, JAIPUR  302025",2750887,JAIPUR,JAIPUR,RAJASTHAN
"THE RAJASTHAN STATE COOPERATIVE BANK LIMITED",RSCB0000015,302190012,"PRATAP NAGAR","68/4 MAIN HALDI GHATI ROAD, PRATAP NAGAR, JAIPUR  302033",2790239,JAIPUR,JAIPUR,RAJASTHAN
"THE RAJASTHAN STATE COOPERATIVE BANK LIMITED",RSCB0000014,342190002,"JODHPUR REGIONAL OFFICE","RAJIV GANDHI SHAHKAR BHAWAN COMPOUND NEAR RAILWAY STATION  JODHPUR  342 001",2635863,JODHPUR,JODHPUR,RAJASTHAN
"THE RAJASTHAN STATE COOPERATIVE BANK LIMITED",RSCB0000013,324190002,"KOTA REGIONAL OFFICE","PRATHAM BHAWAN, NAVJOYTI ROAD, CHAVANI CROSS ROAD,  KOTA - 324 007",2363405,KOTA,KOTA,RAJASTHAN
"THE RAJASTHAN STATE COOPERATIVE BANK LIMITED",RSCB0000012,334190002,"BIKANER REGIONAL OFFICE","39,PUNCHSHATI CIRCLE SADURLAGANJ,  BIKANER  334 002",2202926,BIKANER,BIKANER,RAJASTHAN
"THE RAJASTHAN STATE COOPERATIVE BANK LIMITED",RSCB0000011,302190011,"VIDHYADHAR NAGAR","7/95, SECTOR - 7, VIDHYADHAR NAGAR,JAIPUR  302023",2336870,JAIPUR,JAIPUR,RAJASTHAN
"THE RAJASTHAN STATE COOPERATIVE BANK LIMITED",RSCB0000010,302190010,MANSAROVAR,"22/32/01, SAWARN PATH, MANSAROVAR JAIPUR - 302020",2392456,JAIPUR,JAIPUR,RAJASTHAN
"THE RAJASTHAN STATE COOPERATIVE BANK LIMITED",RSCB0000009,302190009,"MALVIYA NAGAR","A-87, SHIVANAND MARG, NEAR KAILGIRI EYE HOSPITAL,  MALVIYA NAGAR,  JAIPUR - 302017",2759567,JAIPUR,JAIPUR,RAJASTHAN
"THE RAJASTHAN STATE COOPERATIVE BANK LIMITED",RSCB0000008,302190008,"NEHRU SHAHKAR BHAWAN","NEHRU SHAHKAR BHAWAN, BHAWANI SINGH ROAD JAIPUR  302 001",2740705,JAIPUR,JAIPUR,RAJASTHAN
"THE RAJASTHAN STATE COOPERATIVE BANK LIMITED",RSCB0000007,302190007,"JAWAHAR NAGAR","COMMECIAL COMPLEX - 212, GOLE MARKET, NEAR MAMAKI HOTEL, JAWAHAR NAGAR, JAIPUR - 302004",2651715,JAIPUR,JAIPUR,RAJASTHAN
"THE RAJASTHAN STATE COOPERATIVE BANK LIMITED",RSCB0000006,302190006,"BARKAT NAGAR","145,  LANE NO. 6, NEAR SHARMA KIRANA STORE, BARKAT NAGAR, TONK PHATAK,  JAIPUR  302015",2590651,JAIPUR,JAIPUR,RAJASTHAN
"THE RAJASTHAN STATE COOPERATIVE BANK LIMITED",RSCB0000005,302190005,KUMS,"DC-1, OPP. NEHRU BALODYAN, TONK ROAD,JAIPUR - 302015",2742437,JAIPUR,JAIPUR,RAJASTHAN
"THE RAJASTHAN STATE COOPERATIVE BANK LIMITED",RSCB0000004,302190004,"NEHRU BAZAAR","NEW GATE, NEHRU BAZAAR, JAIPUR - 302003",2315536,JAIPUR,JAIPUR,RAJASTHAN
"THE RAJASTHAN STATE COOPERATIVE BANK LIMITED",RSCB0000003,302190003,C-SCHEME,"J.D.A COMPLEX  AHINSA CIRCLE, C-SCHEME,  JAIPUR  302001",2368305,JAIPUR,JAIPUR,RAJASTHAN
"THE RAJASTHAN STATE COOPERATIVE BANK LIMITED",RSCB0000002,313190002,"UDAIPUR REGIONAL OFFICE","SECTOR 11, 73-74, HIRAN MAGRI, OPP. INDIAN OIL DEPOT, UDAIPUR - 313 001",2583266,UDAIPUR,UDAIPUR,RAJASTHAN
"THE RAJASTHAN STATE COOPERATIVE BANK LIMITED",RSCB0000001,NA,RTGS-HO,"DC-1, OPP. NEHRU BALODYAN, TONK ROAD,JAIPUR - 302015",2744815,JAIPUR,JAIPUR,RAJASTHAN
