BANK,IFSC,MICR,BRANCH,ADDRESS,CONTACT,CITY,DISTRICT,STATE
"TAMILNAD MERCANTILE BANK LIMITED",TMBL0009999,NA,"RTGS CELL","A-269/2-4, AVVAI SHANMUGAM SALAI, ROYAPETTAH, CHENNAI-600014 TAMIL NADU",28131091,CHENNAI,CHENNAI,"TAMIL NADU"
"TAMILNAD MERCANTILE BANK LIMITED",TMBL0000999,NA,"ACCOUNTS DEPARTMENT","ACCOUNTS DEPARTMENT, HEAD OFFICE, 57, V.E.ROAD, THOOTHUKUDI- 628 002",2330080,TUTICORIN,TOOTHUKUDI,"TAMIL NADU"
"TAMILNAD MERCANTILE BANK LIMITED",TMBL0000991,NA,"RTGS CELL","A-269/2-4, AVVAI SHANMUGAM SALAI, ROYAPETTAH, CHENNAI-600014 TAMIL NADU",28131091,CHENNAI,CHENNAI,"TAMIL NADU"
"TAMILNAD MERCANTILE BANK LIMITED",TMBL0000990,NA,"INTERNATIONAL BANKING DIVISION","D.NO.269-2-4, IIND FLOOR, AVVAI SHANMUGHAM ROAD, ROYAPETTAH, CHENNAI - 600 014",28131023,CHENNAI,CHENNAI,"TAMIL NADU"
"TAMILNAD MERCANTILE BANK LIMITED",TMBL0000989,NA,"CURRENCY CHEST","222 BY 2, SOUTH VELI STREET, MADURAI",0,MADURAI,MADURAI,"TAMIL NADU"
"TAMILNAD MERCANTILE BANK LIMITED",TMBL0000984,NA,"CURRENCY CHEST","PLOT NO.4923, AC 16 GROUND FLOOR, II ND AVENUE, ANNA NGR WEST, CHENNAI",0,CHENNAI,CHENNAI,"TAMIL NADU"
"TAMILNAD MERCANTILE BANK LIMITED",TMBL0000978,600060001,"INTEGRATED TREASURY","269/2-4,AVVAI SHANMUGAM SALAI, ROYAPETTAH, CHENNAI-600014 TAMILNADU",28131022,CHENNAI,CHENNAI,"TAMIL NADU"
"TAMILNAD MERCANTILE BANK LIMITED",TMBL0000956,400060001,CPCCHENNAI,"NO.20, GOLLAWAR AGRAHARAM ROAD, FIRST FLOOR, OLD WASHERMANPET, CHENNAI600001",25981163,CHENNAI,CHENNAI,"TAMIL NADU"
"TAMILNAD MERCANTILE BANK LIMITED",TMBL0000955,625060001,CPCMUMBAI,"3A, GANGA VIHAR BUILDING, III FLOOR, 94, LAZI SYED STREET, MANDVI, MUMBAI- 400 003, MAHARASHTRA",23413141,MUMBAI,"GREATER BOMBAY",MAHARASHTRA
"TAMILNAD MERCANTILE BANK LIMITED",TMBL0000954,641060001,CPCMADURAI,"28,NAICKER NEW STREET,SIMMAKKAL,MADURAI625001",2630700,MADURAI,MADURAI,"TAMIL NADU"
"TAMILNAD MERCANTILE BANK LIMITED",TMBL0000953,629060001,CPCCOIMBATORE,"364DRNANJAPPA ROAD,COIMBATORE641018",2231925,COIMBATORE,COIMBATORE,"TAMIL NADU"
"TAMILNAD MERCANTILE BANK LIMITED",TMBL0000952,NA,CPCNAGERCOIL,"229A,CHARLES MILLER STREET,COLLEGE ROAD,NAGERCOIL629001 TAMILNADU",0,NAGERCOIL,NAGERCOIL,"TAMIL NADU"
"TAMILNAD MERCANTILE BANK LIMITED",TMBL0000951,628060001,CPCTOOTHUKUDI,"56 AND 57 BEACH ROAD,TUTICORIN628001",2338737,TUTICORIN,TUTICORIN,"TAMIL NADU"
"TAMILNAD MERCANTILE BANK LIMITED",TMBL0000507,WAITING,GURUGRAM,"517 7, JAWAHAR NAGAR, NEW RAILWAY ROAD, NEAR MODERN DIAGNOSTIC CENTRE, GURUGRAM 122 001, GURUGRAM DISTRICT, HARYANA STATE",9958920030,GURGAON,GURGAON,HARYANA
"TAMILNAD MERCANTILE BANK LIMITED",TMBL0000506,WAITING,"COIMBATORE PEELAMEDU","NO 77 TO 83, PUDUR MAIN ROAD, NEAR RTO OFFICE, PEELAMEDU, COIMBATORE 641 004",9688120888,COIMBATORE,COIMBATORE,"TAMIL NADU"
"TAMILNAD MERCANTILE BANK LIMITED",TMBL0000505,WAITING,MYSURU,"DOOR NO 331, N.S.ROAD, DEVARAJA MOHALLA, MYSURU 570 001",9148977304,MYSORE,MYSORE,KARNATAKA
"TAMILNAD MERCANTILE BANK LIMITED",TMBL0000504,WAITING,HUBLI,"UPPER GROUND FLOOR, SHOP NO 3 AND 4, SUTARIA COMPLEX, PHASE 2, OPP SATELLITE COMPLEX, KOPPIKKAR ROAD, HUBLI 580 020",9148977306,HUBLI-DHARWAD,DHARWAD,KARNATAKA
"TAMILNAD MERCANTILE BANK LIMITED",TMBL0000503,WAITING,THRISSUR,"GROUND FLOOR, PANDARIL TOWER, RICE BAZAR ROAD, OPP ADAM BAZAR, THRISSUR 680 001",9400220929,THRISSUR,THRISSUR,KERALA
"TAMILNAD MERCANTILE BANK LIMITED",TMBL0000502,WAITING,"TIRUNELVELI  VANNARAPETTAI","D NO 10A 10H, FIRST FLOOR, THIRUVANANTHAPURAM ROAD, VANNARAPETTAI, TIRUNELVELI 627 002",9698420888,TIRUNELVELI,TIRUNELVALI,"TAMIL NADU"
"TAMILNAD MERCANTILE BANK LIMITED",TMBL0000501,WAITING,"CHENNAI GUINDY","5 34, DHANAKOTTI RAJA STREET, SUNDAR NAGAR, EKKATTUTHANGAL, GUINDY, CHENNAI 600 032",9698020888,CHENNAI,CHENNAI,"TAMIL NADU"
"TAMILNAD MERCANTILE BANK LIMITED",TMBL0000500,WAITING,"HYDERABAD MALAKPET","GROUND FLOOR NO 16 10 1 S 21, SKAM COMPLEX, MALAKPET, HYDERABAD 500 036, TELANGANA STATE",7702277143,HYDERABAD,HYDERABAD,TELANGANA
"TAMILNAD MERCANTILE BANK LIMITED",TMBL0000499,WAITING,"DOD BALLAPUR","WARD NO 22, MUKTHAMBIKA ROAD, NEAR KALAMMA TEMPLE, DOD BALLAPUR 561 203",9148977305,DODDABALLAPUR,"BANGALORE RURAL",KARNATAKA
"TAMILNAD MERCANTILE BANK LIMITED",TMBL0000498,WAITING,ADIYAMANKOTTAI,"FIRST FLOOR, NO 15 61, 74 TATA NAGAR, SALEM MAIN ROAD, ADIYAMANKOTTAI 636 807, DHARMAPURI DISTRICT.",9698920888,DHARMAPURI,DHARMAPURI,"TAMIL NADU"
"TAMILNAD MERCANTILE BANK LIMITED",TMBL0000497,WAITING,TIRUPATTUR,"134, MAIN ROAD, TIRUPATTUR 630211, SIVAGANGAI DISTRICT",9750220888,TIRUPATHUR,SIVAGANGA,"TAMIL NADU"
"TAMILNAD MERCANTILE BANK LIMITED",TMBL0000496,WAITING,VENKARAI,"NO 77 60,NORTH STREET, GANDHI NAGAR, KOLAKATTUPUDUR, VENKARAI, PARAMATHIVELUR TK, NAMAKKAL DISTRICT 637 208",9698720888,PARAMATHI,NAMAKKAL,"TAMIL NADU"
"TAMILNAD MERCANTILE BANK LIMITED",TMBL0000495,WAITING,GUDUR,"DNO 13 186 GROUND FLOOR, THYAGARAJA STREET, GUDUR 524 101, SPSR NELLORE DISTRICT, ANDHRA PRADESH STATE",7702275143,GUDUR,NELLORE,"ANDHRA PRADESH"
"TAMILNAD MERCANTILE BANK LIMITED",TMBL0000494,WAITING,IDUMBAVANAM,"198 15, SOUTH STREET, IDUMBAVANAM 614 703, THIRUVARUR DISTRICT",9698220888,TIRUVARUR,THIRUVARUR,"TAMIL NADU"
"TAMILNAD MERCANTILE BANK LIMITED",TMBL0000493,WAITING,JAMNAGAR,"SHRI KRISHNA AVENUE, GROUND FLOOR, OPP TOWN HALL, JAMNAGAR 361 001, GUJARAT STATE",7373741557,JAMNAGAR,JAMNAGAR,GUJARAT
"TAMILNAD MERCANTILE BANK LIMITED",TMBL0000492,WAITING,"THERKU KALLIDAIKURICHI","D NO 89 11 RAILWAY LINE STREET, LAKSHMIPURAM, THERKU KALLIDAIKURICHI 627416, TIRUNELVELI DISTRICT",9698320888,KALLIDAIKURICHI,TIRUNELVALI,"TAMIL NADU"
"TAMILNAD MERCANTILE BANK LIMITED",TMBL0000491,WAITING,SILVARPATTI,"155 NORTH STREET, SILVARPATTI 625 602,THENI DISTRICT",9715220888,THENI,THENI,"TAMIL NADU"
"TAMILNAD MERCANTILE BANK LIMITED",TMBL0000490,WAITING,CHERANMAHADEVI,"52 1 PUTHARAK SHOP STREET, CHERANMAHADEVI 627 414, TIRUNELVELI DISTRICT, TAMILNADU",8012520888,CHERANMAHADEVI,TIRUNELVALI,"TAMIL NADU"
"TAMILNAD MERCANTILE BANK LIMITED",TMBL0000489,WAITING,AMBATTUR,"8 7, RED HILLS ROAD, AMBATTUR, CHENNAI 600 053",9659920888,AMBATTUR,THIRUVALLUR,"TAMIL NADU"
"TAMILNAD MERCANTILE BANK LIMITED",TMBL0000488,WAITING,ERUVADI,"NO 81 3, SOUTH MAIN ROAD, NEAR KAIKATTI, ERUVADI 627 103, TIRUNELVELI DISTRICT",9698620888,ERUVADI,TIRUNELVALI,"TAMIL NADU"
"TAMILNAD MERCANTILE BANK LIMITED",TMBL0000487,WAITING,BAGALKOT,"FIRST FLOOR, TP NO 39 A ,WARD NO 10, BUS STAND ROAD, BAGALKOT 587 101",7022234193,BAGALKOT,BAGALKOTE,KARNATAKA
"TAMILNAD MERCANTILE BANK LIMITED",TMBL0000486,WAITING,RANEBENNUR,"UPPER GROUND FLOOR,SURAJ LODGE BUILDING, P B ROAD, RANEBENNUR, HAVERI DISTRICT, KARNATAKA STATE",7022234120,RANEBENNUR,HAVERI,KARNATAKA
"TAMILNAD MERCANTILE BANK LIMITED",TMBL0000485,WAITING,TALIPARAMBA,"UPPER GROUND FLOOR, BELL SQUARE, TALIPARAMBA 670 141, KANNUR DISTRICT, KERALA STATE",8547722024,TALIPARAMBA,CANNUR,KERALA
"TAMILNAD MERCANTILE BANK LIMITED",TMBL0000484,WAITING,"MUMBAI MULUND","PLOT NO 2A, LAXMI MAHADEV NIWAS, SEVARAM LALWANI ROAD, MULUND WEST, MUMBAI 400 080, MAHARASHTRA STATE",9167955706,MUMBAI,"GREATER BOMBAY",MAHARASHTRA
"TAMILNAD MERCANTILE BANK LIMITED",TMBL0000483,WAITING,ANJAR,"MADHAVBAG, OPPOSITE TO VARSHAMEDI NAKA, ANJAR 370 110, GUJARAT STATE",9913190505,ANJAR,KACHCHH,GUJARAT
"TAMILNAD MERCANTILE BANK LIMITED",TMBL0000482,WAITING,RAIPUR,"GROUND FLOOR KRISHNA KRIPA TOWER, SHRI DURGA MANDIR CHOWK, MAIN ROAD, KATORA TALAB, RAIPUR 492 001, CHATTISGARH STATE",7225038883,RAIPUR,RAIPUR,CHHATTISGARH
"TAMILNAD MERCANTILE BANK LIMITED",TMBL0000481,WAITING,"CHENNAI KODAMBAKKAM","34 17, FIRST FLOOR, DR AMBEDKAR ROAD, KODAMBAKKAM, CHENNAI 600 024",9659820888,CHENNAI,CHENNAI,"TAMIL NADU"
"TAMILNAD MERCANTILE BANK LIMITED",TMBL0000480,WAITING,GONDAL,"NO 5,6 GROUND FLOOR, BACHUBHAI BAVABHAI CHAMBERS, GUNDALA ROAD, GONDAL 360 311, RAJKOT DISTRICT, GUJARAT STATE",9099942823,GONDAL,RAJKOT,GUJARAT
"TAMILNAD MERCANTILE BANK LIMITED",TMBL0000479,WAITING,AMRELI,"GROUND FLOOR, SILVAR PLACE, STATION ROAD, OPPOSITE TO SARDAR PATEL PATHI, AMRELI 365001, GUJARAT STATE",9677994355,AMRELI,AMRELI,GUJARAT
"TAMILNAD MERCANTILE BANK LIMITED",TMBL0000478,WAITING,VASUDEVANALLUR,"SNO 87 1A, 1C GROUND FLOOR, MAIN ROAD, VASUDEVANALLUR 627 758, TIRUNELVELI DISTRICT",8012420888,VASUDEVANALLUR,TIRUNELVALI,"TAMIL NADU"
"TAMILNAD MERCANTILE BANK LIMITED",TMBL0000477,WAITING,KODUNGALLUR,"FIRST FLOOR, CHANDRIKA BUILDING, BUILDING NO317 E AND E, KAVIL KADAV, THRISSUR ROAD, EAST NADA, KODUNGALLUR 680 664 THRISSUR DISTRICT, KERALA STATE",8547242347,KODUNGALLUR,THRISSUR,KERALA
"TAMILNAD MERCANTILE BANK LIMITED",TMBL0000476,WAITING,KASARAGOD,"FIRST FLOOR, FATHIMA ARCADE, KMC SECOND WARD, DNO 435 34, SURVEY NO 129, M.G.ROAD, KASARAGOD 671 121 KERALA STATE",8547237288,KASARAGOD,KASARAGOD,KERALA
"TAMILNAD MERCANTILE BANK LIMITED",TMBL0000475,WAITING,JAIPUR,"SHOP NO 91, FIRST FLOOR, JOHARI BAZAR, JAIPUR 302 003 RAJASTHAN STATE",9983933455,JAIPUR,JAIPUR,RAJASTHAN
"TAMILNAD MERCANTILE BANK LIMITED",TMBL0000474,WAITING,PAYYANUR,"FIRST FLOOR D NO 33, OASIS PLAZA, NEAR OLD BUS STATND, RAILWAY STATION ROAD, PAYYANUR 670 307, KANNUR DISTRICT, KERALA STATE",8547722088,PAYYANNUR,CANNUR,KERALA
"TAMILNAD MERCANTILE BANK LIMITED",TMBL0000473,WAITING,PERIYAKULAM,"SNO 100 1,101, VARADHARAJAN NAGAR, THENKARAI, PERIYAKULAM 625 601, THEN DISTRICT",9698110888,PERIYAKULAM,THENI,"TAMIL NADU"
"TAMILNAD MERCANTILE BANK LIMITED",TMBL0000472,WAITING,RAJKOT,"SHP NO 3,4 SURYA ARCADE, MAHATMA GANDHI ROAD, JUBILEE CHOWK, RAJKOT 360 001, GUJARAT",9979890019,RAJKOT,RAJKOT,GUJARAT
"TAMILNAD MERCANTILE BANK LIMITED",TMBL0000471,WAITING,"HYDERABAD MANIKONDA","SHOP NO 3,4,5 PLOT NO 116, SRIRAM NAGAR COLONY, NEAR GOLDEN TEMPLE, PAPPALAGUDA, MANIKONDA, HYDERABAD 500 089, TELANGANA STATE",9100046076,HYDERABAD,HYDERABAD,TELANGANA
"TAMILNAD MERCANTILE BANK LIMITED",TMBL0000470,WAITING,MALAPPURAM,"FIRST FLOOR DOOR NO 23 378 Z3, C H PLAZA,TIRUR ROAD, DOWN HILL, MALAPPURAM 676519,MALAPPURAM DISTRICT, KERALA STATE",9446445423,MALAPPURAM,MALAPPURAM,KERALA
"TAMILNAD MERCANTILE BANK LIMITED",TMBL0000469,WAITING,BORSAD,"SHAAN AROMA COMPLEX, SHOP NO.11-12, VASAD HIGHWAY, OPP TO SUN TEMPLE, BORSAD-388540, GUJARAT",9712977195,BORSAD,ANAND,GUJARAT
"TAMILNAD MERCANTILE BANK LIMITED",TMBL0000468,WAITING,THANE,"SHOP NO.4-6, LAND MARK ARCADE, EASTERN EXPRESS HIGHWAY SERVICE ROAD, NEAR NITIN JUNCTION, LOUIS WADI, THANE (WEST)-400602",9833524178,THANE,THANE,MAHARASHTRA
"TAMILNAD MERCANTILE BANK LIMITED",TMBL0000467,WAITING,MANAMADURAI,"G.R.322 BY 431,432, MAIN ROAD, MANAMADURAI-630606, SIVAGANGAI DISTRICT",9698820888,MANAMADURAI,SIVAGANGA,"TAMIL NADU"
"TAMILNAD MERCANTILE BANK LIMITED",TMBL0000466,WAITING,KURINJIPADI,"D NO 110 FIRST FLOOR, PERUMAL TEMPLE STREET, KURINJIPADI 607 302, CUDDALORE DISTRICT",9942910888,KURINJIPADI,CUDDALORE,"TAMIL NADU"
"TAMILNAD MERCANTILE BANK LIMITED",TMBL0000465,WAITING,NUNGAMBAKKAM,"NO 81, FIRST FLOOR, VALLUVAR KOTTAM HIGHWAY, NUNGAMBAKKAM, CHENNAI 600 034",9659720888,CHENNAI,CHENNAI,"TAMIL NADU"
"TAMILNAD MERCANTILE BANK LIMITED",TMBL0000464,WAITING,MANNARGUDI,"OLD NO 17, NEW NO 45, FIRST FLOOR, MAHA MARIAMMAN TEMPLE STREET,MANNARGUDI 614 001, THIRUVARUR DISTRICT",8012210888,MANNARGUDI,THIRUVARUR,"TAMIL NADU"
"TAMILNAD MERCANTILE BANK LIMITED",TMBL0000463,WAITING,MEHDIPATNAM,"DOOR NO 13 6 436 A 33, LAKSHMI APARTMENTS, LAKSHMI NAGAR, MEHDIPATNAM 67TH PILLAR, HYDERABAD 500 028 TELANGANA STATE",9100046074,HYDERABAD,HYDERABAD,TELANGANA
"TAMILNAD MERCANTILE BANK LIMITED",TMBL0000462,WAITING,ANTHIYUR,"FIRST FLOOR K S COMPLEX, BHAVANI ROAD, ANTHIYUR 638 501",9965910888,ANTHIYUR,ERODE,"TAMIL NADU"
"TAMILNAD MERCANTILE BANK LIMITED",TMBL0000461,WAITING,BILIMORA,"SHOP NO 6 AND 7 , KADAMB ENCLAVE, NURSERY ROAD, BILIMORA 396 321, GUJARAT",9443526624,BILIMORA,NAVSARI,GUJARAT
"TAMILNAD MERCANTILE BANK LIMITED",TMBL0000460,WAITING,KUNIAMUTHUR,"GROUND FLOOR, NO 456 1 PALAKKAD MAIN ROAD, KUNIAMUTHUR, COIMBATORE 641 008",7402710888,KUNIAMUTHUR,COIMBATORE,"TAMIL NADU"
"TAMILNAD MERCANTILE BANK LIMITED",TMBL0000459,WAITING,PERIYANAICKENPALAYAM,"GROUND FLOOR NO 270 1, METTUPALAYAM ROAD, VANNAN KOVIL DIVISION, NEAR JOTHIPURAM BUS STAND, PERIYANAIKENPALAYAM 641 020",8973220888,PERIYANAICKANPALAYAM,COIMBATORE,"TAMIL NADU"
"TAMILNAD MERCANTILE BANK LIMITED",TMBL0000458,WAITING,FARIDABAD,"W G TOWER PLOT NO 37, NEELAM BATA ROAD, NIT FARIDABAD 121 001, HARYANA STATE",9205137300,FARIDABAD,FARIDABAD,HARYANA
"TAMILNAD MERCANTILE BANK LIMITED",TMBL0000457,WAITING,"BENZ CIRCLE VIJAYAWADA","GROUND FLOOR DNO 64 9 1 M G ROAD, BEHIND EENADU OFFICE, BENZ CIRCLE, VIJAYAWADA 520 010, KRISHNA DISTRICT, ANDRA PRADESH",9100046082,VIJAYAWADA,KRISHNA,"ANDHRA PRADESH"
"TAMILNAD MERCANTILE BANK LIMITED",TMBL0000456,WAITING,ERICHANATHAM,"IST FLOOR D NO 2 117, MAIN ROAD, ERICHANATHAM 626103, SIVAKASI TALUK, VIRUDHUNAGAR DISTRICT",7502010888,VIRUDHUNAGAR,VIRUDHUNAGAR,"TAMIL NADU"
"TAMILNAD MERCANTILE BANK LIMITED",TMBL0000455,WAITING,MIDALAM,"10 17A MIDALAM, UDHAYA MARTHANDAM POST, KANYAKUMARI DISTRICT 629 178",8883510888,MIDALAM,KANYAKUMARI,"TAMIL NADU"
"TAMILNAD MERCANTILE BANK LIMITED",TMBL0000454,WAITING,"VELACHERY CHENNAI","NO 35 1A, FIRST FLOOR, SRS ARCADE, VELACHERY MAIN ROAD, VELACHERY, CHENNAI 600 042",8973810888,CHENNAI,CHENNAI,"TAMIL NADU"
"TAMILNAD MERCANTILE BANK LIMITED",TMBL0000453,WAITING,"SALEM RAMAKRISHNA ROAD","NO 69 1 RAMAKRISHNA ROAD, GROUND FLOOR, RAJESWARI TOWER, CLUNY MATRIC SCHOOL BACKSIDE, SALEM 636 007",8012910888,SALEM,SALEM,"TAMIL NADU"
"TAMILNAD MERCANTILE BANK LIMITED",TMBL0000452,WAITING,SRIVAIKUNDAM,"24 1, SETCHATH STREET, NEAR BUS STAND, SRIVAIKUNDAM 628 601, THOOTHUKUDI DISTRICT, TAMILNADU STATE",8973410888,SRIVAIKUNTAM,TOOTHUKUDI,"TAMIL NADU"
"TAMILNAD MERCANTILE BANK LIMITED",TMBL0000451,WAITING,"K K NAGAR MADURAI","K K NAGAR, 80 FEET ROAD, NEAR HONDA SHOWROOM, MADURAI 625 020. MADURAI DISTRICT, TAMILNADU STATE",8973510888,MADURAI,MADURAI,"TAMIL NADU"
"TAMILNAD MERCANTILE BANK LIMITED",TMBL0000450,WAITING,"MYLAPORE CHENNAI","NO 83 41, KOTAPATI ENCLAVE, KUTCHERY ROAD, MYLAPORE 600 004, CHENNAI DISTRICT, TAMILNADU STATE",8973910888,CHENNAI,CHENNAI,"TAMIL NADU"
"TAMILNAD MERCANTILE BANK LIMITED",TMBL0000449,WAITING,NALUMAVADI,"10 122 MAIN ROAD, NALUMAVADI 628 211, TIRUCHENDUR TALUK",8012710888,NALUMAVADI,TOOTHUKUDI,"TAMIL NADU"
"TAMILNAD MERCANTILE BANK LIMITED",TMBL0000448,WAITING,"COIMBATORE OPPANAKARA STREET","NO 8 TO 12, OPPANAKARA STREET, OPP SRI ATHI VINAYAGAR TEMPLE, COIMBATORE 641 001",8012810888,COIMBATORE,COIMBATORE,"TAMIL NADU"
"TAMILNAD MERCANTILE BANK LIMITED",TMBL0000447,WAITING,PALAKKAD,"11 197 2, GROUND FLOOR, COURT ROAD, PALAKKAD PALAKKAD DISTRICT, KERALA 678 001",9497123567,PALAKKAD,PALAKKAD,KERALA
"TAMILNAD MERCANTILE BANK LIMITED",TMBL0000446,WAITING,BHIMAVARAM,"GROUND FLOOR, SREE LAKSHMI PLAZA, TOWN HALL ROAD, OPPOSITE TO MANDAL DEVELOPMENT OFFICE, BHIMAVARAM 534 201,WEST GODAVARI DISTRICT, ANDHRA PRADESH",0,BHIMAVARAM,"WEST GODAVARI","ANDHRA PRADESH"
"TAMILNAD MERCANTILE BANK LIMITED",TMBL0000445,WAITING,MADAMBAKKAM,"NO 81, FIRST FLOOR, DEVARAJ NAGAR MAIN ROAD, NEAR BHARATH UNIVERSITY, MADAMBAKKAM, CHENNAI 600 126",8012610888,SELAIYUR,KANCHEEPURAM,"TAMIL NADU"
"TAMILNAD MERCANTILE BANK LIMITED",TMBL0000444,WAITING,INDORE,"SOUTH TUKOGANJ, STREET NO.3,MANAV TRADE CENTRE,INDORE 452 001,MADHYA PRADESH STATE",8889911251,INDORE,INDORE,"MADHYA PRADESH"
"TAMILNAD MERCANTILE BANK LIMITED",TMBL0000443,WAITING,BAPATLA,"GROUND FLOOR, DOOR NO 12 4 11, GUPTA AVENUE, SRI ANJANEYA SWAMY TEMPLE STREET, BAPATLA 522 101, GUNTUR DISTRICT, ANDHRA PRADESH STATE",9177766044,BAPATLA,GUNTUR,"ANDHRA PRADESH"
"TAMILNAD MERCANTILE BANK LIMITED",TMBL0000442,WAITING,VASAI,"NO4,GIMAR MAHAL, PANCHAVATI, AMBADI ROAD, VASAI 401202, PALGHAR DISTRICT, MAHARASHTRA STATE",8308840667,VASAI,THANE,MAHARASHTRA
"TAMILNAD MERCANTILE BANK LIMITED",TMBL0000441,WAITING,KHOPOLI,"CTS NO 3550, GROUND FLOOR,AT VIRAJ BHOOMI, BAZARPETH,KHOPOLI,MAHARASHTRA 410 203",7718083980,KHOPOLI,RAIGAD,MAHARASHTRA
"TAMILNAD MERCANTILE BANK LIMITED",TMBL0000440,WAITING,GANDHINAGAR,"D NO 22 SECTOR 24 KOLVADA ROAD                 NEAR GOPAL DAIRY, GANDHINAGAR 382 014         GUJARAT STATE",9987270175,GANDHINAGAR,GANDHINAGAR,GUJARAT
"TAMILNAD MERCANTILE BANK LIMITED",TMBL0000439,WAITING,CHAPPADI,"NO 133BY1B, BENGALURU CHENNAI HIGHWAYS, CHAPPADI 635117, KRISHNAGIRI DISTRICT",8012310888,SHOOLAGIRI,KRISHNAGIRI,"TAMIL NADU"
"TAMILNAD MERCANTILE BANK LIMITED",TMBL0000438,WAITING,KENGERI,"NO 1103, K S TOWN, FIRST MAIN ROAD, 4TH CROSS, KENGERI 560060, BENGALURU DISTRICT, KARNATAKA STATE",7022981474,KENGERI,"BANGALORE URBAN",KARNATAKA
"TAMILNAD MERCANTILE BANK LIMITED",TMBL0000437,WAITING,SRIKALAHASTI,"D NO 2BY85, FIRST FLOOR, BIG MOSQUE STREET, SRIKALAHASTI 517644, CHITTOOR DISTRICT",9550205599,SRIKALAHASTI,CHITTOOR,"ANDHRA PRADESH"
"TAMILNAD MERCANTILE BANK LIMITED",TMBL0000436,WAITING,"CHENNAI ADYAR","NO 35BY17, FIRST FLOOR, FIRST MAIN ROAD, GANDHINAGAR, ADYAR, CHENNAI 600020",8973610888,CHENNAI,CHENNAI,"TAMIL NADU"
"TAMILNAD MERCANTILE BANK LIMITED",TMBL0000435,WAITING,"SIVAKASI PALANIANDAVARPURAM COLONY","102 GNANAGIRI ROAD, NEAR PALANIANDAVAR THEATRE, SIVAKASI 626123 VIRUDHUNAGAR DISTRICT TAMILNADU",8973710888,SIVAKASI,VIRUDHUNAGAR,"TAMIL NADU"
"TAMILNAD MERCANTILE BANK LIMITED",TMBL0000434,WAITING,MATTAKADAI,"76 2J IC MUTHUKRISHNAPURAM MAIN ROAD,                 POOBALARAYAPURAM, THOOTHUKUDI 628 001                   THOOTHUKUDI DISTRICT",8973110888,TOOTHUKUDI,TOOTHUKUDI,"TAMIL NADU"
"TAMILNAD MERCANTILE BANK LIMITED",TMBL0000433,WAITING,VISNAGAR,"PLOT NO 4/3 KANSHA CROSS ROAD, NEAR GIDC,       VISNAGAR 384 315 MEHSANA DISTRICT, GUJARAT STATE",9909002049,VISNAGAR,MAHESANA,GUJARAT
"TAMILNAD MERCANTILE BANK LIMITED",TMBL0000432,WAITING,CHIPLUN,"D.NO.145A, SHIVAJI CHOWK, CHINCH NAKA, CHIPLUN 415605, RATNAGIRI DISTRICT, MAHARASHTRA",7769808555,CHIPLUN,RATNAGIRI,MAHARASHTRA
"TAMILNAD MERCANTILE BANK LIMITED",TMBL0000431,WAITING,DHAR,"D.NO.5 A/3, RATAN VILLA, BHOJ KANY MARG, RAJWADA, DHAR 454001",7506006092,DHAR,DHAR,"MADHYA PRADESH"
"TAMILNAD MERCANTILE BANK LIMITED",TMBL0000430,WAITING,"SME BRANCH THOOTHUKUDI","54D,BRIYANT NAGAR 1ST STREET,THOOTHUKUDI 628003",8012410888,TUTICORIN,THOOTHUKUDI,"TAMIL NADU"
"TAMILNAD MERCANTILE BANK LIMITED",TMBL0000429,WAITING,CHAMARAJANAGARA,"GROUND FLOOR, ZUMER COMPLEX, GUNDLEPER CIRCLE, NEAR FOREST OFFICE, CHAMARAJANAGARA 571313",7022981477,GUNDLUPET,CHAMARAJANAGAR,KARNATAKA
"TAMILNAD MERCANTILE BANK LIMITED",TMBL0000428,WAITING,CHANNAPATNA,"SRI RAMA NILAYA, D.NO.2167BY2,3,4, FIRST FLOOR, B.M.ROAD, KUVEMPU NAGAR, CHANNAPATNA 562160",7022981476,CHANNAPATNA,"BANGALORE RURAL",KARNATAKA
"TAMILNAD MERCANTILE BANK LIMITED",TMBL0000427,WAITING,RAMANAGARA,"SADVI COMPLEX, NO.1105BY624BY1, VIVEKANANDANAGAR, B.M.ROAD, RAMANAGARA 562159",7022981475,RAMANAGARA,RAMANAGARA,KARNATAKA
"TAMILNAD MERCANTILE BANK LIMITED",TMBL0000426,WAITING,SIRKALI,"NO.32BY47, FIRST FLOOR, SOUTH CAR STREET, SIRKALI 609110, NAGAPATTINAM DISTRICT",9942110888,SIRKALI,NAGAPATTINAM,"TAMIL NADU"
"TAMILNAD MERCANTILE BANK LIMITED",TMBL0000425,WAITING,TENKASI,"FIRST FLOOR,OLD NO.99, NEW NO.269, SWAMY SANNADHI STREET, TENKASI 627811, TIRUNELVELI DISTRICT",8012010888,TENKASI,TIRUNELVALI,"TAMIL NADU"
"TAMILNAD MERCANTILE BANK LIMITED",TMBL0000424,WAITING,KELAMBAKKAM,"NO.3BY45, FIRST FLOOR, RAJIVGANDHI ROAD, OMR, KELAMBAKKAM, CHENNAI 603103",9750910888,KELAMBAKKAM,KANCHEEPURAM,"TAMIL NADU"
"TAMILNAD MERCANTILE BANK LIMITED",TMBL0000423,WAITING,AMBASAMUDRAM,"GROUND FLOOR, DOOR NO.95 TO 98, AMBAI ALANGULAM MAIN ROAD, AMBASAMUDRAM 627401, TIRUNELVELI DISTRICT",9715910888,AMBASAMUDRAM,TIRUNELVALI,"TAMIL NADU"
"TAMILNAD MERCANTILE BANK LIMITED",TMBL0000422,WAITING,REGUNATHAPURAM,"ANNA NAGAR, REGUNATHAPURAM 623 523, RAMANATHAPURAM DISTRICT, TAMILNADU STATE",9750710888,REGUNATHAPURAM,RAMANATHAPURAM,"TAMIL NADU"
"TAMILNAD MERCANTILE BANK LIMITED",TMBL0000421,WAITING,MANMAD,"D NO 4 SB CLASSIC, 368 12 MALEGAON ROAD, MANMAD 423 104, NASHIK DISTRICT, MAHARASHTRA STATE",7057746141,MANMAD,NASIK,MAHARASHTRA
"TAMILNAD MERCANTILE BANK LIMITED",TMBL0000420,WAITING,"SINGANALLUR COIMBATORE","NO.327 TO 329, TRICHY ROAD, SRI RAM HOSPITAL OPPOSITE, SINGANALLUR 641 005, COIMBATORE DISTRICT",9865955770,COIMBATORE,COIMBATORE,"TAMIL NADU"
"TAMILNAD MERCANTILE BANK LIMITED",TMBL0000419,WAITING,"GANAPATHY COIMBATORE","FIRST FLOOR, NO.1295, SATHYAMANGALAM MAIN ROAD, GANAPATHY, COIMBATORE 641006",9659110888,COIMBATORE,COIMBATORE,"TAMIL NADU"
"TAMILNAD MERCANTILE BANK LIMITED",TMBL0000418,WAITING,"NGO COLONY TIRUNELVELI","GROUND FLOOR, B 276BY1, 60 FEET ROAD, NGO B COLONY, TIRUNELVELI 627007",9750110888,TIRUNELVELI,TIRUNELVALI,"TAMIL NADU"
"TAMILNAD MERCANTILE BANK LIMITED",TMBL0000417,WAITING,KILAKARAI,"DOOR NO 7BY8, VALLAL SEEDHAKADHI ROAD, KILAKARAI 623517, RAMANATHAPURAM DISTRICT",9788610888,KILAKARAI,RAMANATHAPURAM,"TAMIL NADU"
"TAMILNAD MERCANTILE BANK LIMITED",TMBL0000416,WAITING,YADGIRI,"S.NO.395BYPART, PLOT NO 47, GROUND FLOOR, CHITTAPUR ROAD, YADGIRI 585202, YADGIRI DISTRICT, KARNATAKA",8050939510,YADGIRI,GULBARGA,KARNATAKA
"TAMILNAD MERCANTILE BANK LIMITED",TMBL0000415,WAITING,VENGATADAMPATTI,"D NO 237, FIRST FLOOR, PALANIVEL NAGAR, OPPOSITE TO BDO OFFICE, VENGATADAMPATTI 635 207, KRISHNAGIRI DISTRICT",9788410888,VENGATADAMPATTI,KRISHNAGIRI,"TAMIL NADU"
"TAMILNAD MERCANTILE BANK LIMITED",TMBL0000414,WAITING,KANHANGAD,"CITY CENTRE, BLOCK 1, FIRST FLOOR, KOTTACHERY POST, KANHANGAD 671 315,KASARGOD DISTRICT, KERALA",8547199188,KANHANGAD,KASARAGOD,KERALA
"TAMILNAD MERCANTILE BANK LIMITED",TMBL0000413,WAITING,CHAVAKKAD,"GROUND FLOOR, CEE CEE TOWER, RICE BAZAAR, CHAVAKKAD 680 506 THRISSUR DISTRICT, KERALA",8547232347,CHAVAKKAD,THRISSUR,KERALA
"TAMILNAD MERCANTILE BANK LIMITED",TMBL0000412,WAITING,KAYANKULAM,"GROUND FLOOR, PARAYIL BUILDING, NEAR RAILWAY STATION, K P ROAD, KAYANKULAM 690 502",8547288028,KAYANKULAM,ALAPUZHA,KERALA
"TAMILNAD MERCANTILE BANK LIMITED",TMBL0000411,WAITING,DEESA,"PUSHPANJALI HEIGHTS NEAR JALARAM MANDIR, HIGHWAY ROAD, DEESA 385 535 GUJARAT",9825112150,DEESA,"BANAS KANTHA",GUJARAT
"TAMILNAD MERCANTILE BANK LIMITED",TMBL0000410,WAITING,NERKUNDRAM,"NO 29 GROUND FLOOR KAMARAJ HIGH ROAD DEVI KARUMARIAMMAN NAGAR, METTUKUPPAM, NERKUNDRAM, CHENNAI 600 107",9750510888,NERKUNDRAM,THIRUVALLUR,"TAMIL NADU"
"TAMILNAD MERCANTILE BANK LIMITED",TMBL0000409,WAITING,VICKRAMASINGAPURAM,"738, MAIN ROAD, AVSR CAMPUS, VICKRAMASINGAPURAM 627425",9698910888,VIKRAMASINGAPURAM,TIRUNELVELI,"TAMIL NADU"
"TAMILNAD MERCANTILE BANK LIMITED",TMBL0000408,WAITING,PALLADAM,"IST FLOOR, NO.321, THIRUNAGAR COLONY, PALLADAM 641664, TIRUPUR DISTRICT",9715410888,PALLADAM,COIMBATORE,"TAMIL NADU"
"TAMILNAD MERCANTILE BANK LIMITED",TMBL0000407,WAITING,KANGEYAM,"LAKSHMI TOWERS, GROUND FLOOR, NO.127, KARUR ROAD, KANGEYAM 638701",9524310888,KANGEYAM,ERODE,"TAMIL NADU"
"TAMILNAD MERCANTILE BANK LIMITED",TMBL0000406,WAITING,KALLIKUDI,"6/656, A AND B,T.KALLUPATTI ROAD, KALLIKUDI 625701",9842932190,KALLIGUDICHATRAM,MADURAI,"TAMIL NADU"
"TAMILNAD MERCANTILE BANK LIMITED",TMBL0000405,WAITING,ROORKEE,"176, NEHRU NAGAR, DEHRADUN ROAD, ROORKEE-247667, UTTARAKHAND",8006716256,ROORKEE,HARIDWAR,UTTARAKHAND
"TAMILNAD MERCANTILE BANK LIMITED",TMBL0000404,WAITING,"KEELA ERAL","311/1, KAMATCHI BAZZAR MAIN ROAD, KEELA ERAL -628908, THOOTHUKUDI DISTRICT",7502210888,ERAL,TOOTHUKUDI,"TAMIL NADU"
"TAMILNAD MERCANTILE BANK LIMITED",TMBL0000403,WAITING,SITHURAJAPURAM,"D.NO.2BY1423-F, TIRUPATHI NAGAR, SITHURAJAPURAM, SIVAKASI-626123",7373910888,SIVAKASI,VIRUDHUNAGAR,"TAMIL NADU"
"TAMILNAD MERCANTILE BANK LIMITED",TMBL0000402,WAITING,ARIYAKULAM,"KURINJI MAHAL, PLOT NO.204, DOOR NO.6BY103, TIRUNELVELI-THOOTHUKUDI NH ROAD, TEACHERS COLONY, ARIYAKULAM -627011, TIRUNELVELI",7373410888,TIRUNELVELI,TIRUNELVELI,"TAMIL NADU"
"TAMILNAD MERCANTILE BANK LIMITED",TMBL0000401,WAITING,YELAHANKA,"NO.2019, 3RD CROSS, H.I.G - B SECTOR, YELAHANKA NEW TOWN, BANGALORE-560064",9487182081,YELAHANKA,"BANGALORE URBAN",KARNATAKA
"TAMILNAD MERCANTILE BANK LIMITED",TMBL0000400,WAITING,DHARMAAPURI,"OLD NO.S.F.277,NEW NO.S.F.522BY47, BHAVANI MAIN ROAD, DHARMAAPURI-638455, ERODE DISTRICT,TAMILNADU",7502610888,KAVINDAPADY,ERODE,"TAMIL NADU"
"TAMILNAD MERCANTILE BANK LIMITED",TMBL0000399,WAITING,PONNERI,"NO.56, GROUND FLOOR, NEW THERADI STREET, PONNERI-601204",9965310888,PONNERI,THIRUVALLUR,"TAMIL NADU"
"TAMILNAD MERCANTILE BANK LIMITED",TMBL0000398,WAITING,AYYAMPALAYAM,"D.NO.5/168, FIRST FLOOR, TRICHY-SALEM MAIN ROAD, AYYAMPALAYAM-621202, TIRUCHIRAPALLI DISTRICT, TAMILNADU",7502310888,MANACHANALLUR,TIRUCHIRAPALLI,"TAMIL NADU"
"TAMILNAD MERCANTILE BANK LIMITED",TMBL0000397,WAITING,GUDALUR,"GROUND FLOOR, S.NO.11/369, D2E, 11/369, D2F, CALICUT ROAD, GUDALUR-643212, NILGRIS DISTRICT, TAMILNADU",7502910888,GUDALUR,COIMBATORE,"TAMIL NADU"
"TAMILNAD MERCANTILE BANK LIMITED",TMBL0000396,WAITING,PALLIKARANAI,"NO.218, FIRST FLOOR, VELACHERY MAIN ROAD, PALLIKARANAI, CHENNAI -600100",9865510888,CHENNAI,CHENNAI,"TAMIL NADU"
"TAMILNAD MERCANTILE BANK LIMITED",TMBL0000395,WAITING,VEDARANYAM,"D.NO.11, FIRST FLOOR, NORTH MAIN ROAD, VEDARANYAM-614810, NAGAPATTINAM DISTRICT, TAMILNADU",7502510888,VEDARANYAM,NAGAPATTINAM,"TAMIL NADU"
"TAMILNAD MERCANTILE BANK LIMITED",TMBL0000394,WAITING,VEERASIGAMANI,"5/49, BAJANAI KOVIL STREET, VEERASIGAMANI VILLAGE, SANKARANKOVIL TK 627862, TIRUNELVELI DISTRICT,TAMILNADU",7502810888,VEERASIGAMANI,TIRUNELVALI,"TAMIL NADU"
"TAMILNAD MERCANTILE BANK LIMITED",TMBL0000393,WAITING,KAZHUGUMALAI,"89-K,KOVILPATTI-SANKARANKOIL MAIN ROAD, KAZHYGUMALAI-628552",251188,KOVILPATTI,TOOTHUKUDI,"TAMIL NADU"
"TAMILNAD MERCANTILE BANK LIMITED",TMBL0000392,WAITING,SACHIN,"NO.2,SHREE COMPLEX, PLOT-D,BLOCK NO.180,SURAT-NAVSARI ROAD, SACHIN G.I.D.C NAKA, SACHIN- 394230",9879517027,SACHIN,SURAT,GUJARAT
"TAMILNAD MERCANTILE BANK LIMITED",TMBL0000391,WAITING,VAPI,"AAMIR COMPLEX, GIDC CHAR RASTA, VAPI-SILVASSA ROAD, VAPI - 396 191, VALSAD DISTRICT, GUJARAT.",9974559233,VAPI,VALSAD,GUJARAT
"TAMILNAD MERCANTILE BANK LIMITED",TMBL0000390,WAITING,HIMATNAGAR,"C.S.2846, TOWER ROAD, VASANT BHUVAN, HIMATNAGAR-383 001.SABARKANTHA DISTRICT,GUJARAT",9909020780,HIMATNAGAR,SABARKANTHA,GUJARAT
"TAMILNAD MERCANTILE BANK LIMITED",TMBL0000389,WAITING,PUDUGUMMIDIPOONDI,"NO.11/ 20, BALAKRISHNAPURAM, PALEESWARAN KANDIGAI, PUDUGUMMIDIPOONDI, CHENNAI 601 201",9965410888,GUMMIDIPUNDI,THIRUVALLUR,"TAMIL NADU"
"TAMILNAD MERCANTILE BANK LIMITED",TMBL0000388,WAITING,NEELANKARI,"NO.4/314,GROUND FLOOR, CLRI NAGAR ROAD, BEHIND BHARATH PETROL BUNK, NEELANKARAI, CHENNAI-600 115.",9688410888,CHENNAI,CHENNAI,"TAMIL NADU"
"TAMILNAD MERCANTILE BANK LIMITED",TMBL0000387,WAITING,KAVALI,"GROUND FLOOR, D.NO.11-1-29,BIT-II,2ND WARD,RAMAMURTHYPET, G.N.T.ROAD,KAVALI-524 201.",7032720507,KAVALI,NELLORE,"ANDHRA PRADESH"
"TAMILNAD MERCANTILE BANK LIMITED",TMBL0000386,WAITING,NARSARAOPET,"D.NO.9-7-40, 9-7-40A AND 9-7-41, ARUNDALPETA, NARASARAOPET",7032720506,NARSARAOPET,GUNTUR,"ANDHRA PRADESH"
"TAMILNAD MERCANTILE BANK LIMITED",TMBL0000385,NA,PATHANAMTHITTA,"FIRST FLOOR DNO XX1 381 TRINITY COMPLEX TK ROAD PATHANAMTHITTA PATHANAMTHITTA DIST",2221232,PATHANAMTHITTA,PATHANAMTHITTA,KERALA
"TAMILNAD MERCANTILE BANK LIMITED",TMBL0000384,WAITING,AMMAPALAYAM,"2BY298, RADHAKRISHNAN STREET, AMMAPALAYAM 641652 TIRUPUR DISTRICT",9688310888,TIRUPUR,COIMBATORE,"TAMIL NADU"
"TAMILNAD MERCANTILE BANK LIMITED",TMBL0000383,WAITING,KULITHALAI,"D.NO25BY1, MBS AGRAHARAM,TRICHY KARUR MAIN ROAD, KULITHALAI 639 104",9688510888,KULITHALAI,KARUR,"TAMIL NADU"
"TAMILNAD MERCANTILE BANK LIMITED",TMBL0000382,WAITING,KARUNGAL,"DOOR NO.5 208BY4AND5, GRACE PLAZA, NEAR BUS STAND, MARTHANDAM HIGHWAYS, KARUNGAL 629157",267737,KARUNGAL,KANYAKUMARI,"TAMIL NADU"
"TAMILNAD MERCANTILE BANK LIMITED",TMBL0000381,WAITING,"MADURAI S S COLONY","1ABY1, NAVALAR NAGAR, S.S.COLONY, BYE PASS ROAD, NEAR CHOCKKALINGA NAGAR BUS STOP, MADURAI 625010",2600844,MADURAI,MADURAI,"TAMIL NADU"
"TAMILNAD MERCANTILE BANK LIMITED",TMBL0000380,WAITING,"THIRUVANANTHAPURAM PAPPANAMCODE","FIRST FLOOR, KURAISHA PLAZA, TC54BY2, PAPPANAMCODE, THIRUVANANATHAPURAM 695 018",9447124904,THIRUVANANTHAPU,THIRUVANANTHAPURAM,KERALA
"TAMILNAD MERCANTILE BANK LIMITED",TMBL0000379,WAITING,"TIRUCHIRAPALLI THILLAI NAGAR","C87, KOTTAI STATION STREET, THILLAI NAGAR, TIRUCHIRAPALLI 620 018",9659810888,TIRUCHIRAPALLI,TIRUCHIRAPALLI,"TAMIL NADU"
"TAMILNAD MERCANTILE BANK LIMITED",TMBL0000378,WAITING,AVADI,"PLOT NO.7, G.D.NADAR COMPLEX, 60FEET ROAD, TNHB, AVADI, CHENNAI 600 054",9659410888,AVADI,"THIRUVALLUR DISTRICT","TAMIL NADU"
"TAMILNAD MERCANTILE BANK LIMITED",TMBL0000377,WAITING,"THOOTHUKUDI PORT TRUST","A3, WILSON PLAZA, WORLD TRADE AVENUE, THOOTHUKUDI PORT TRUST 628 004, THOOTHUKUDI DISTRICT",9750210888,TUTICORIN,THOOTHUKUDI,"TAMIL NADU"
"TAMILNAD MERCANTILE BANK LIMITED",TMBL0000376,WAITING,SARAVANAMPATTI,"312BY4, SATHY ROAD, SARAVANAMPATTI 641035, COIMBATORE DISTRICT",9865110888,COIMBATORE,COIMBATORE,"TAMIL NADU"
"TAMILNAD MERCANTILE BANK LIMITED",TMBL0000375,WAITING,SIRUVALUR,"ALAGAPPA MILL CAMPUS, NO.91 GOBI ROAD, SIRUVALUR 638 054",257333,GOBICHETTIPALAY,ERODE,"TAMIL NADU"
"TAMILNAD MERCANTILE BANK LIMITED",TMBL0000374,NA,MALAYANDIPATTINAM,"236B MAIN ROAD, KOTTUR, MALAYANDIPATTINAM 642114, POLLACHI TALUK, COIMBATORE DISTRICT",287274,POLLACHI,COIMBATORE,"TAMIL NADU"
"TAMILNAD MERCANTILE BANK LIMITED",TMBL0000373,NA,SURYAPET,"GROUND FLOOR D NO 1 5 136 TO 139 POOLA CENTRE ALANKAR ROAD SURYAPET 5082013",7032712334,SURYAPET,NALGONDA,"ANDHRA PRADESH"
"TAMILNAD MERCANTILE BANK LIMITED",TMBL0000372,NA,POONJERI,"D.NO.CEN61 BY 2 ECR ROAD POONJERIVILLAGE 603104",9524210888,MAHABALIPURAM,KANCHEEPURAM,"TAMIL NADU"
"TAMILNAD MERCANTILE BANK LIMITED",TMBL0000371,WAITING,RAMESWARAM,"D.NO.30 N,MARKET STREET,RAMESWARAM 623526",222488,RAMESWARAM,RAMANATHAPURAM,"TAMIL NADU"
"TAMILNAD MERCANTILE BANK LIMITED",TMBL0000370,WAITING,AYAPAKKAM,"D.NO.45 AYAPAKKAM ROAD,K K NAGAR 600053",26821001,AMBATTUR,THIRUVALLUR,"TAMIL NADU"
"TAMILNAD MERCANTILE BANK LIMITED",TMBL0000369,WAITING,ALLAMPATTI,"3 BY 123,KULLURCHANDAI ROAD,ALLAMPATTI 626002",9578010888,VIRUDHUNAGAR,VIRUDHUNAGAR,"TAMIL NADU"
"TAMILNAD MERCANTILE BANK LIMITED",TMBL0000368,NA,TIRUCHENDUR,"53 BY 6,VEERAPANDIAPATTANAM MAIN ROAD,TIRUCHENDUR",242388,TIRUCHENDUR,TOOTHUKUDI,"TAMIL NADU"
"TAMILNAD MERCANTILE BANK LIMITED",TMBL0000367,NA,SIKKARAYAPURAM,"PLOTNO178 LEELAVATHINAGAREXT KUNDRATHUR MAIN ROAD",0,MANGADU,KANCHEEPURAM,"TAMIL NADU"
"TAMILNAD MERCANTILE BANK LIMITED",TMBL0000366,NA,GOUNDAMPALAYAM,"196 BY 1NADAR ST,VENNILAKUDIL,GOUNDAMPALAYAM637205",0,TIRUCHENGODU,NAMAKKAL,"TAMIL NADU"
"TAMILNAD MERCANTILE BANK LIMITED",TMBL0000365,NA,SERVAIKARANPATTI,"1 BY 55,TPT COMPOUND,SERVAIKARANPATTI,KADAYAM 627415",0,KADAYAM,TIRUNELVALI,"TAMIL NADU"
"TAMILNAD MERCANTILE BANK LIMITED",TMBL0000364,NA,SOMAYAMPALAYAM,"5 BY 448A,THADAGAMROAD,KANUVAI,SOMAYAMPALAYAM 641108",2406864,SOMAYAMPALAYAM,COIMBATORE,"TAMIL NADU"
"TAMILNAD MERCANTILE BANK LIMITED",TMBL0000363,NA,METTUR,"SVT COMPLEX,1 FLOOR,24 BY 31 SQUARE MARKET,METTUR",4298242488,METTUR,SALEM,"TAMIL NADU"
"TAMILNAD MERCANTILE BANK LIMITED",TMBL0000362,NA,CHILAKALURIPET,"DNO28 200,K.B.ROAD,CHILAKALURIPET 522 616",251065,CHILAKALURIPET,GUNTUR,"ANDHRA PRADESH"
"TAMILNAD MERCANTILE BANK LIMITED",TMBL0000361,NA,"KANAKKAN KADU","NO3 INGUR ROAD KANAKKAN KADU,CHENNIMALAI 638051",252911,CHENNIMALAI,ERODE,"TAMIL NADU"
"TAMILNAD MERCANTILE BANK LIMITED",TMBL0000360,NA,CHIRALA,"D.NO.15 22 39 BY 1,KOTLABAZAR,CHIRALA 523 155",232152,CHIRALA,PRAKASAM,"ANDHRA PRADESH"
"TAMILNAD MERCANTILE BANK LIMITED",TMBL0000359,NA,LALGUDI,"S.F.NO.104 BY 2 MRV NAGAR POOVALUR ROAD LALGUDI621601",0,LALGUDI,TIRUCHIRAPALLI,"TAMIL NADU"
"TAMILNAD MERCANTILE BANK LIMITED",TMBL0000358,WAITING,MIRYALGUDA,"GROUND FLOOR, D.NO.19-82, REDDY COLONY, 1 PHASE SAGAR ROAD, MIRYALGUDA- 508 207, NALGONDA DIST",231366,MIRYALGUDA,NALGONDA,"ANDHRA PRADESH"
"TAMILNAD MERCANTILE BANK LIMITED",TMBL0000357,NA,PORAVACHERY,"2 BY 63,MIDDLE STREET,PORAVACHERY 611 108,NAGAPATTINAM DISTRICT",245045,NAGAPATTINAM,NAGAPATTINAM,"TAMIL NADU"
"TAMILNAD MERCANTILE BANK LIMITED",TMBL0000356,WAITING,VAZHKKAI,"4/100, MAIN ROAD, VAZHKKAI - 610 105, NANNILAM THALUK, THIRUVARUR DISTRICT",9659310888,NANNILAM,THIRUVARUR,"TAMIL NADU"
"TAMILNAD MERCANTILE BANK LIMITED",TMBL0000355,WAITING,KURUVIKULAM,"5/26, SOUTH CAR STREET, NEAR MEENAKSHI AMMAN KOIL, KURUVIKULAM- 627 754, TIRUNELVELI DISTRICT",252288,KURUVIKULAM,TIRUNELVALI,"TAMIL NADU"
"TAMILNAD MERCANTILE BANK LIMITED",TMBL0000354,625060028,VANDIYUR,"DOOR NO 4/806, VANDIYUR MAIN ROAD, MADURAI DISTRICT - 625 020",9976910888,MADURAI,MADURAI,"TAMIL NADU"
"TAMILNAD MERCANTILE BANK LIMITED",TMBL0000353,625060027,PERAIYUR,"DOOR NO.1-1-87/B, USILAMPATTI ROAD, PERAIYUR- 625 703, MADURAI DISTRICT",9715810888,PERAIYUR,MADURAI,"TAMIL NADU"
"TAMILNAD MERCANTILE BANK LIMITED",TMBL0000352,627060051,KULAYANKARISAL,"K.P.S.ILLAM, 8/133, MAIN ROAD, KULAYANKARISAL- 628 103, THOOTHUKUDI DISTRICT, TAMILNADU",9750010888,TUTICORIN,TOOTHUKUDI,"TAMIL NADU"
"TAMILNAD MERCANTILE BANK LIMITED",TMBL0000351,610060003,PUTHAGARAM,"D.NO.4/144/1, MAIN ROAD, MATHIRIMANGALAM, PUTHAGARAM-609701, ENANGUDI POST, TAMILNADU",236124,ENANGUDI,NAGAPATTINAM,"TAMIL NADU"
"TAMILNAD MERCANTILE BANK LIMITED",TMBL0000350,627060050,SIVATHAIYAPURAM,"37, SOUTH STREET, SIVATHAIYAPURAM- 628251, THOOTHUKUDI DISTRICT",9788710888,TUTICORIN,TOOTHUKUDI,"TAMIL NADU"
"TAMILNAD MERCANTILE BANK LIMITED",TMBL0000349,626060308,KANNICHERIPUTHUR,"D.NO.2/59, NADAR STREET, MAIN ROAD, KANNICHERIPUTHUR- 626 204, R.R.NAGAR(VIA), VIRUDHUNAGAR DIST,TAMILNADU",9715110888,VIRUDHUNAGAR,VIRUDHUNAGAR,"TAMIL NADU"
"TAMILNAD MERCANTILE BANK LIMITED",TMBL0000348,394060051,BARDOLI,"LAXMI HOUSE, M.G.ROAD, BARDOLI- 394 601, SURAT DISTRICT, GUJARAT",226679,BARDOLI,SURAT,GUJARAT
"TAMILNAD MERCANTILE BANK LIMITED",TMBL0000347,641060016,SULUR,"NO.11D, TRICHY MAIN ROAD, SULUR- 641 402, COIMBATORE DISTRICT, TAMILNADU",2687041,SULUR,COIMBATORE,"TAMIL NADU"
"TAMILNAD MERCANTILE BANK LIMITED",TMBL0000346,600060035,SENNEERKUPPAM,"2/52, AVADI HIGH ROAD, SEENEERKUPPAM- 600 056, THIRUVALLUR DISTRICT",26800462,AVADI,THIRUVALLUR,"TAMIL NADU"
"TAMILNAD MERCANTILE BANK LIMITED",TMBL0000345,636060019,EDAPPADI,"NO.39B, SALEM MAIN ROAD, EDAPPADI- 637 105, SALEM DISTRICT",223331,IDAPPADI,SALEM,"TAMIL NADU"
"TAMILNAD MERCANTILE BANK LIMITED",TMBL0000344,627060049,THIPPANAMPATTI,"D.NO.4/33A, POOVARASAN KOVIL STREET, THIPPANAMPATTI- 627 808, TIRUNELVELI DISTRICT",510808,AVUDAYANOOR,TIRUNELVALI,"TAMIL NADU"
"TAMILNAD MERCANTILE BANK LIMITED",TMBL0000343,625060026,IRAVATHANALLUR,"D.NO.15/4, MAIN ROAD, TRINITY SQUARE, IRAVATHANALLUR- 625 009, MADURAI DISTRICT",2312126,MADURAI,MADURAI,"TAMIL NADU"
"TAMILNAD MERCANTILE BANK LIMITED",TMBL0000342,635060302,AMBUR,"D.NO.4, PAVENTHAR STREET, OPP TO D.S.P.OFFICE, AMBUR- 635 802, VELLORE DISTRICT",249888,AMBUR,VELLORE,"TAMIL NADU"
"TAMILNAD MERCANTILE BANK LIMITED",TMBL0000341,626060005,VILAMPATTI,"D.NO.1/7 & 1/8, ALANGULAM MAIN ROAD, VILAMPATTI- 626 124, VIRUDHUNAGAR DISTRICT",9715010888,VILLAMPATTI,VIRUDHUNAGAR,"TAMIL NADU"
"TAMILNAD MERCANTILE BANK LIMITED",TMBL0000340,624060048,VENKATESWARAPURAM,"7/310, MAIN ROAD, VENKATESWARAPURAM, ALANGULAM TALUK, TIRUNELVELI DIST- 627 854",288288,VENKATESWARAPURAM,TIRUNELVALI,"TAMIL NADU"
"TAMILNAD MERCANTILE BANK LIMITED",TMBL0000339,627060047,PAPPAKUDI,"D.NO.14/42C, 39-5, SIVAKAMIPURAM, ALANGULAM MAIN ROAD, MUKKUDAL- 627 601, TIRUNELVELI DISTRICT, TAMILNADU",274777,PAPPAKUDI,TIRUNELVALI,"TAMIL NADU"
"TAMILNAD MERCANTILE BANK LIMITED",TMBL0000338,627060046,REDDIARPATTI,"D.NO.1/78, EAST STREET, REDDIARPATTI- 627 007, TIRUNELVELI DISTRICT, TAMILNADU",2555388,TIRUNELVELI,TIRUNELVALI,"TAMIL NADU"
"TAMILNAD MERCANTILE BANK LIMITED",TMBL0000337,635060102,TIRUPATHUR,"D.NO.4A, SIVANAAR STREET, TIRUPATHUR- 635 601, VELLORE DISTRICT, TAMILNADU",224985,TIRUPATTUR,VELLORE,"TAMIL NADU"
"TAMILNAD MERCANTILE BANK LIMITED",TMBL0000336,560060008,KANAKAPURA,"619/579/581, FIRST FLOOR, KODIHALLI ROAD, NEAR K.N.S.CIRCLE, KANAKAPURA- 562 117, KARNATAKA",27522250,KANAKAPURA,"BANGALORE RURAL",KARNATAKA
"TAMILNAD MERCANTILE BANK LIMITED",TMBL0000335,641060015,MATHVARAYAPURAM,"3/57-1, SIRUVANI ROAD, FIRST FLOOR, MATHVARAYAPURAM- 641 101, COIMBARATORE DISTRICT, TAMILNADU",2651888,ALANDURAI,COIMBATORE,"TAMIL NADU"
"TAMILNAD MERCANTILE BANK LIMITED",TMBL0000334,411060003,NANDED,"SURVEY NO.23, SINHGAD ROAD, NANDED CITY, PUNE- 411 041, MAHARASHTRA",7798795599,PUNE,PUNE,MAHARASHTRA
"TAMILNAD MERCANTILE BANK LIMITED",TMBL0000333,626060307,ATHIPATTI,"283, ATHIPATTI ROAD, ATHIPATTI, ARUPPUKOTTAI- 626 101, VIRUDHUNAGAR DISTRICT, TAMILNADU",240888,ARUPPUKOTTAI,VIRUDHUNAGAR,"TAMIL NADU"
"TAMILNAD MERCANTILE BANK LIMITED",TMBL0000332,384060101,SIDHPUR,"DOOR.NO.2 TO 6, FIRST FLOOR, VIJAY SHOPPING CENTER, DETHALI CIRCLE, OPP.TO CIRCUIT HOUSE, SIDHPUR- 384151, PATAN DISTRICT, GUJARAT",225522,SIDHPUR,PATAN,GUJARAT
"TAMILNAD MERCANTILE BANK LIMITED",TMBL0000331,636060018,KALANGANI,"4/3, VALLUVAR STREET, THIRUMALAIPATTI MAIN ROAD, NEAR E.B. OFFICE,  KALANGANI- 637 014, NAMAKKAL DISTRICT",245141,PUDHANCHANTHAI,NAMAKKAL,"TAMIL NADU"
"TAMILNAD MERCANTILE BANK LIMITED",TMBL0000330,533060502,MANDAPETA,"SURVEY NO.457/1, BESIDE SRI KANYA LODGE, CINEMA ROAD, MANDAPETA- 533 308, EAST GODAVARI DISTRICT, ANDHRA PRADESH",231911,MANDAPETA,"EAST GODAVARI","ANDHRA PRADESH"
"TAMILNAD MERCANTILE BANK LIMITED",TMBL0000329,600060034,MADURANTAKAM,"D.NO.95, G.S.T.ROAD, MADURANTAKAM- 603 306, KANCHEEPURAM DISTRICT",27553050,MADURANTAKAM,KANCHEEPURAM,"TAMIL NADU"
"TAMILNAD MERCANTILE BANK LIMITED",TMBL0000328,626060502,SRIVILLIPUTHUR,"D.NO.105C1, RAJAJI ROAD, SATTUR MAIN ROAD, SRIVILLIPUTHUR- 626 125, VIRUDHUNAGAR DISTRICT, TAMILNADU",264888,SRIVILLIPUTTUR,VIRUDHUNAGAR,"TAMIL NADU"
"TAMILNAD MERCANTILE BANK LIMITED",TMBL0000327,625060025,VILLAPURAM,"D.NO.87/1, ARUPPUKOTTAI MAIN ROAD, VILLAPURAM, MADURAI- 625 012",2670115,MADURAI,MADURAI,"TAMIL NADU"
"TAMILNAD MERCANTILE BANK LIMITED",TMBL0000326,638060014,MADAMPALAYAM,"D.NO.2/58-13, MAIN ROAD, MADAMPALAYAM- 638 459, ERODE DISTRICT, TAMILNADU",269838,ERODE,ERODE,"TAMIL NADU"
"TAMILNAD MERCANTILE BANK LIMITED",TMBL0000325,638060013,PALLAGOUNDENPALAYAM,"D.NO.5/154, MAIN ROAD, T.T.C.COMPLEX, PALLAGOUNDENPALAYAM - 638 056, TIRUPUR, TAMILNADU",242388,TIRUPUR,COIMBATORE,"TAMIL NADU"
"TAMILNAD MERCANTILE BANK LIMITED",TMBL0000324,627060045,THIRUVENGADAM,"D.NO.320, KALUGUMALAI ROAD, THIRUVENGADAM- 627 719, TIRUNELVELI DIST, TAMILNADU",264563,THIRUVENGADAM,TIRUNELVALI,"TAMIL NADU"
"TAMILNAD MERCANTILE BANK LIMITED",TMBL0000323,744060002,"PORT BLAIR","FIRST FLOOR, KALAIGNAR ARIVALAYAM, OPP TO DR.B.R.AMBEDKAR AUDITORIUM, MOHANPURA, PORT BLAIR- 744 101, ANDAMAN",239444,"PORT BLAIR",ANDAMAN,"ANDAMAN AND NICOBAR ISLAND"
"TAMILNAD MERCANTILE BANK LIMITED",TMBL0000322,452060501,PITHAMPUR,"SHOP NO.4, UPPER GROUND FLOOR, NEXT TO MALWA HOSPITAL, SUDHARSHAN COMPLEX, MHOW-NEEMUCH ROAD, SECTOR 1, PITHAMPUR- 454 775",252121,PITHAMPUR,DHAR,"MADHYA PRADESH"
"TAMILNAD MERCANTILE BANK LIMITED",TMBL0000321,638060012,KOMARAPALAYAM,"262, SALEM MAIN ROAD, KOMARAPALAYAM- 638 183, NAMAKKAL DISTRICT, TAMILNADU",265600,KOMARAPALAYAM,NAMAKKAL,"TAMIL NADU"
"TAMILNAD MERCANTILE BANK LIMITED",TMBL0000320,520060702,JAGGAYYAPET,"D.NO.7-40, GROUND FLOOR, OLD SBI ROAD, JAGGAYYAPET- 521 175, KRISHNA DISTRICT, ANDHRAPRADESH",223336,JAGGAYYAPET,KRISHNA,"ANDHRA PRADESH"
"TAMILNAD MERCANTILE BANK LIMITED",TMBL0000319,627060044,PASUVANTHANAI,"D.NO.244, GROUND FLOOR, KOVILPATTI MAIN ROAD, PASUVANTHANAI- 628 718, THOOTHUKUDI DISTRICT, TAMILNADU",221115,PASUVANTHANAI,TOOTHUKUDI,"TAMIL NADU"
"TAMILNAD MERCANTILE BANK LIMITED",TMBL0000318,627060043,KADAYANALLUR,"D.NO.37 F, FIRST FLOOR, THILAGAR STREET, KRISHNAPURAM, KADAYANALLUR- 627 751, TIRUNELVELI DISTRICT, TAMILNADU",240088,KADAYANALLUR,TIRUNELVALI,"TAMIL NADU"
"TAMILNAD MERCANTILE BANK LIMITED",TMBL0000317,636060017,ATTUR,"D.NO.86/37, GANDHI NAGAR, ATTUR- 636 102, SALEM DISTRICT, TAMILNADU",250366,ATTUR,SALEM,"TAMIL NADU"
"TAMILNAD MERCANTILE BANK LIMITED",TMBL0000316,629060019,ARALVAIMOZHI,"D.NO.19/115, GROUND FLOOR, PERUMALPURAM STREET, ARALVAIMOZHI- 629 301, TAMILNADU",262301,NAGERCOIL,KANYAKUMARI,"TAMIL NADU"
"TAMILNAD MERCANTILE BANK LIMITED",TMBL0000315,416060152,JAYSINGPUR,"NO.675/9, 676/10, FIRST FLOOR, OPP.CENTRAL EXCISE QUARTERS, KODHAPUR ROAD, JAYSINGPUR- 416 101, MAHARASHTRA",226650,JAYSINGPUR,KOLHAPUR,MAHARASHTRA
"TAMILNAD MERCANTILE BANK LIMITED",TMBL0000314,415060051,RATNAGIRI,"GALA NO.104, FIRST FLOOR, AMBASSADOR PLAZA, MAL NAKA, NEAR ADVAIT PETROL PUMP, RATNAGIRI- 415 612, MAHARASHTRA",222961,RATNAGIRI,RATNAGIRI,MAHARASHTRA
"TAMILNAD MERCANTILE BANK LIMITED",TMBL0000313,638060011,SENAPATHIPALAYAM,"S.F.NO.1195/A, GROUND FLOOR, MUTHUR ROAD, KINGU NAGAR, SENAPATHIPALAYAM - 638 111, TAMILNADU",260245,ERODE,ERODE,"TAMIL NADU"
"TAMILNAD MERCANTILE BANK LIMITED",TMBL0000312,605060008,CHIDAMBARAM,"D.NO.88/43, SOUTH CAR STREET, CHIDAMBRAM - 608 001, CUDDALORE DISTRICT, TAMILNADU",225142,CHIDAMBARAM,CUDDALORE,"TAMIL NADU"
"TAMILNAD MERCANTILE BANK LIMITED",TMBL0000311,627060042,VEMBAR,"THEVANESAM ERUDHAYA AMMAL SHOPPING COMPLEX, GROUND FLOOR, D.NO.1/385, EAST COAST ROAD, VEMBAR, THOORHUKUDI DIST, TAMILNADU",262322,VEMBAR,TOOTHUKUDI,"TAMIL NADU"
"TAMILNAD MERCANTILE BANK LIMITED",TMBL0000310,627060041,ARUMUGANERI,"D.NO.150, THIRUCHENDUR ROAD, ARUMUGANERI- 628 202, THOOTHUKUDI DISTRICT, TAMILNADU",284411,ARUMUGANERI,THOOTHUKUDI,"TAMIL NADU"
"TAMILNAD MERCANTILE BANK LIMITED",TMBL0000309,632060202,ARNI,"D.NO.53/1 IST FLOOR M.C.LODGING COMPLEX,THATCHUR ROAD, ARNI- 632 301, TAMILNADU",226233,ARNI,THIRUVANAMALAI,"TAMIL NADU"
"TAMILNAD MERCANTILE BANK LIMITED",TMBL0000308,522060542,VINUKONDA,"FIRST FLOOR, D.NO.23-194, PALNADU ROAD, VINUKONDA - 522 647, GUNTUR DST, ANDHRAPRADESH",273063,VINUKONDA,GUNTUR,"ANDHRA PRADESH"
"TAMILNAD MERCANTILE BANK LIMITED",TMBL0000307,614060102,PATTUKOTTAI,"72, SUNDARARAJ CHETTIAR COMPLEX, SOUTH KALIAMMAN KOVIL STREET, PATTUKOTTAI- 614601, THANJAVUR DIST, TAMILNADU",255299,PATTUKOTTAI,THANJAVUR,"TAMIL NADU"
"TAMILNAD MERCANTILE BANK LIMITED",TMBL0000306,682060003,KALAMASSERY,"XXXIII/14(A), GROUND FLR, CHEMMENKUZHA BLDG,AKG ROAD,EDAPALLY TOLLGATE, KALAMASSERY- 683 104",2544233,KALAMASSERY,ERNAKULAM,KERALA
"TAMILNAD MERCANTILE BANK LIMITED",TMBL0000305,643060102,COONOOR,"278,FIRST FLOOR, MOUNT ROAD,YMCA CORNER,MOUNT ROAD, COONOOR - 643 102",2237888,COONOOR,NILGIRIS,"TAMIL NADU"
"TAMILNAD MERCANTILE BANK LIMITED",TMBL0000304,626060306,SOOLAKKARAI,"4/829A, SULAKKARAI MEDU, SOOLAKKARAI- 626 003",252237,SOOLAKKARAI,VIRUDHUNAGAR,"TAMIL NADU"
"TAMILNAD MERCANTILE BANK LIMITED",TMBL0000303,636060016,CHINNAPPAMPATTI,"4/392, SABI COMPLEX BUILDING,SANTHAI RAOD, OMALUR TALUK, CHINNAPPAMPATTI- 636 306",257325,CHINNAPPAMPATTI,DINDIGUL,"TAMIL NADU"
"TAMILNAD MERCANTILE BANK LIMITED",TMBL0000302,627060040,T.SAVERIYARPURAM,"11/6, MUNDAGASAMY KOVIL STREET, T.SAVERIYARPURAM, THOOTHUKUDI- 628 002, TAMILNADU",2360223,TUTICORIN,TOOTHUKUDI,"TAMIL NADU"
"TAMILNAD MERCANTILE BANK LIMITED",TMBL0000301,625060023,CHIKKANDARCHAVADI,"2-4, LUCKY NAGAR, ATHALAI ROAD, KOILPAPPAKUDI VILLAGE, CHIKKANDARCHAVADI-625018, MADURAI DIST, TAMILNADU",2662550,MADURAI,MADURAI,"TAMIL NADU"
"TAMILNAD MERCANTILE BANK LIMITED",TMBL0000300,625060024,SEVAGAMPATTI,"171, MADURAI ROAD, ANNA NAGAR, OPP TO BATLAGUDU CSI CHURCH,SEVAGAMPATTI- 624 202, DINDIGUL DIST, TAMILNADU",262838,BATLAGUNDU,DINDIGUL,"TAMIL NADU"
"TAMILNAD MERCANTILE BANK LIMITED",TMBL0000299,534060202,TANUKU,"D.NO.25-4-7, GROUND FLOOR, BACKSIDE OF MASSJID, SREE PLAZA, VELPUR ROAD, TANUKU-534211, ANDHRAPRADESH",226556,TANUKU,"WEST GODAVARI","ANDHRA PRADESH"
"TAMILNAD MERCANTILE BANK LIMITED",TMBL0000298,636060104,HARUR,"10/26-1, THIRU V.K.NAGAR, HARUR- 636 906, DHARMAPURI DIST, TAMILNADU",222088,HARUR,DHARMAPURI,"TAMIL NADU"
"TAMILNAD MERCANTILE BANK LIMITED",TMBL0000297,638060302,DHARAPURAM,"D.NO. 66-67, CHURCH ROAD, BIG BAZAR STREET, DHARAPURAM- 638656, TIRUPUR DISTRICT, TAMILNADU",221121,DHARAPURAM,ERODE,"TAMIL NADU"
"TAMILNAD MERCANTILE BANK LIMITED",TMBL0000296,416060151,MADHAVNAGAR,"F-1FIRST FLOOR RAJARAM PLAZA,BUDHWARPETH CORNER , MAIN ROAD,SANGLI DISTRICT,MADHAVNAGAR,MAHARASHTRA-416406.",2312323,MADHAVNAGAR,SANGLI,MAHARASHTRA
"TAMILNAD MERCANTILE BANK LIMITED",TMBL0000295,600060033,KILAMBI,"NO.109, GROUND FLOOR, MAIN ROAD, KRISHNAPURAM POST, KILAMBI- 631 551, KANCHEEPURAM, TAMILNADU",9524660888,KANCHIPURAM,KANCHEEPURAM,"TAMIL NADU"
"TAMILNAD MERCANTILE BANK LIMITED",TMBL0000294,415060476,VITA,"F-3, VITA PLAZA, FIRST FLOOR, OPP.SANGLI DCC BANK, GANDHI CHOWK, KARAD ROAD, VITA- 415 311, MAHARASHTRA",273116,VITA,SANGLI,MAHARASHTRA
"TAMILNAD MERCANTILE BANK LIMITED",TMBL0000293,400060010,SUKAPUR,"GROUND FLOOR, SHAKTHI VEG OILS LTD PREMISES, PANVEL MATHERAN ROAD, SUKAPUR- 410 206, RAIGAD DISTRICT",43232050,PANVEL,RAIGAD,MAHARASHTRA
"TAMILNAD MERCANTILE BANK LIMITED",TMBL0000292,636060015,THARAMANGALAM,"D.NO 1/1-18D; DEVI COMPLEX, OMALUR MAIN ROAD, GROUND FLOOR, N R PERIYANDICHI TEMPLE, THARAMANGALAM- 636502, SALEM DISTRICT",250009,TARAMANGALAM,SALEM,"TAMIL NADU"
"TAMILNAD MERCANTILE BANK LIMITED",TMBL0000291,630060102,DEVAKOTTAI,"D.NO.3A,SILAMBANI SOUTH STREET,DEVAKOTTAI-630302,SIVAGANGAI DIST.",273888,DEVAKOTTAI,SIVAGANGA,"TAMIL NADU"
"TAMILNAD MERCANTILE BANK LIMITED",TMBL0000290,620060005,BIKSHANDARKOIL,"2206,OM SAKTHI NAGAR, THIRUVALLUR AVENUE,NO:1 TOLL GATE,THIRUCHIRAPALLI-621216.",2591065,BIKSHANDARKOIL,TIRUCHIRAPALLI,"TAMIL NADU"
"TAMILNAD MERCANTILE BANK LIMITED",TMBL0000289,625060022,CHEKKANURANI,"NO.7/427A, THIRUMANGALAM PKN URAVINMURAI VANIGA VALAGAM,MADURAI TO THENI ROAD,CHECKANURANI-624301.",287043,MADURAI,MADURAI,"TAMIL NADU"
"TAMILNAD MERCANTILE BANK LIMITED",TMBL0000288,623060004,UCHIPULI,"D.NO.3/756-6, SETHUPATHI SALAI, NEAR BUS STAND, UCHIPULI- 623 534, RAMANATHAPURAM DISTRICT",259925,UCHIPULI,RAMANATHAPURAM,"TAMIL NADU"
"TAMILNAD MERCANTILE BANK LIMITED",TMBL0000287,636060014,PACHANAMPATTI,"PLOT NO:8,TVC NAGAR,THARAMANGALAM MAIN ROAD, NEAR MECHERI PIRIVU,PACHANAMPATTI-636455.",221088,OMALUR,SALEM,"TAMIL NADU"
"TAMILNAD MERCANTILE BANK LIMITED",TMBL0000286,636060013,DASANAICKENPATTI,"D.NO.1/323-3, AMMAN COMPLEX, AMMAN COMPLEX,I ST FLOOR, PERIANNA THOTTAM,DASANAICKENPATTI-636201.",2281288,SALEM,SALEM,"TAMIL NADU"
"TAMILNAD MERCANTILE BANK LIMITED",TMBL0000285,638060010,PALLIPALAYAM,"NO:13 W 1, TIRUCHENGODU ROAD, LAKSHMIPURAM, PALLIPALAYAM - 638008.",241241,PALLIPALAYAM,ERODE,"TAMIL NADU"
"TAMILNAD MERCANTILE BANK LIMITED",TMBL0000284,520060004,PEDANANDIPADU,"D.NO:9 66,GROUND FLOOR, P.A.S.COLLEGE ROAD, ANDHRA PRADESH-522235.",277244,PEDANANDIPADU,GUNTUR,"ANDHRA PRADESH"
"TAMILNAD MERCANTILE BANK LIMITED",TMBL0000283,625060021,CHINNALAPATTI,"D.NO 2 6 1H3,I ST FLOOR,BHARATHI NAGAR,POONCHOLAI, CHINNALAPATTU",2451880,CHINNALAPATTI,DINDIGUL,"TAMIL NADU"
"TAMILNAD MERCANTILE BANK LIMITED",TMBL0000282,600060032,ADAYALAMPATTU,"PLOT NO:6,SCHOOL ROAD, MILLENIUM TOWNSHIP II, NEAR VANAGARAM, ADAYALAMPATTU-600095,THIRUVALLUR DIST.",26534588,MADURAVAYAL,THIRUVALLUR,"TAMIL NADU"
"TAMILNAD MERCANTILE BANK LIMITED",TMBL0000281,620060005,PERAMBALUR,"D.NO:2,I ST FLOOR,VENKATESAPURAM, PERAMBALUR-621212.",277018,PERAMBALUR,PERAMBALUR,"TAMIL NADU"
"TAMILNAD MERCANTILE BANK LIMITED",TMBL0000280,600060031,CHEKKADU,"NO:3,T.XAVIER AND SONS COMPLEX,ANNANAGAR MAIN ROAD,RAJIV GANDHI NAGAR,CHEKKADU-600072,THIRUVALLUR DIST.",26850335,AVADI,THIRUVALLUR,"TAMIL NADU"
"TAMILNAD MERCANTILE BANK LIMITED",TMBL0000279,627060039,KALAKKAD,"K.M.COMPLEX,I ST FLOOR,CHERANMAHADEVI ROAD,KALAKKAD-627501,TIRUNELVELI DIST.",260298,KALAKAD,TIRUNELVALI,"TAMIL NADU"
"TAMILNAD MERCANTILE BANK LIMITED",TMBL0000278,614060002,ASESHAM,"5 108,ANNAI MATHA COMPLEX,MAIN ROAD,ASESHAM-614001,THIRUVARUR DIST",220100,MANNARGUDI,THIRUVARUR,"TAMIL NADU"
"TAMILNAD MERCANTILE BANK LIMITED",TMBL0000277,560060007,HEBBAGODI,"NO:55, R.S.TOWER, HOSUR MAIN ROAD, HEBBAGODI, BENGALURU - 560 099.",27831268,BOMMASANDRA,KARNATAKA,"TAMIL NADU"
"TAMILNAD MERCANTILE BANK LIMITED",TMBL0000276,625060020,"THIRU NAGAR","SEETHALAKSHMI VILAGAM, I ST FLOOR, THIRUNAGAR 3 RD BUS STOP,THIRUNAGAR-624006,MADURAI DIST.",2484182,TIRUNAGAR,MADURAI,"TAMIL NADU"
"TAMILNAD MERCANTILE BANK LIMITED",TMBL0000275,627060038,KULATHUR,"DOOR NO : 3/ 607/ 1, MAIN ROAD, NEAR BUS STAND,KULATHUR-628903,TUTICORIN DIST.",227388,KULATHUR,DINDIGUL,"TAMIL NADU"
"TAMILNAD MERCANTILE BANK LIMITED",TMBL0000274,626060305,KARIAPATTI,"DOOR NO : 13 1 180, I ST FLOOR, MADURAI MAIN ROAD,KARIAPATTI-626106,VIRUDHUNAGAR DISTRICT.",255445,KARIAPATTI,VIRUDHUNAGAR,"TAMIL NADU"
"TAMILNAD MERCANTILE BANK LIMITED",TMBL0000273,520060005,CHEBROLU,"D.NO.6-30, BLOCK NO.6, MAIN ROAD,  CHEBROLU- 522 212, GUNTUR DIST.",253150,CHEBROLU,"WEST GODAVARI","ANDHRA PRADESH"
"TAMILNAD MERCANTILE BANK LIMITED",TMBL0000272,606060102,KALLAKURICHI,"DOOR NO:40,F 10,RAJAMBAL NAGAR,SALEM MAIN ROAD,SRI BALAJI LODGE BUILDING, VILLUPURAM DISTRICT,KALLAKURICHI-606202.",227038,KALLAKURICHI,VILLUPURAM,"TAMIL NADU"
"TAMILNAD MERCANTILE BANK LIMITED",TMBL0000271,625060019,ODDANCHATRAM,"GOTHANDARAMA REDDIAR COMPLEX, DHARAPURAM MAIN ROAD, ODDANCHATRAM-624619.",242234,ODDANCHATRAM,DINDIGUL,"TAMIL NADU"
"TAMILNAD MERCANTILE BANK LIMITED",TMBL0000270,629060018,KANYAKULAM,"GROUND FLOOR,DOOR NO:5 10,LAKSHMI NAGAR,PARVATHIPURAM,KANYAKULAM PANCHAYAT,VETTURNIMADAM-629003.",220295,NAGERCOIL,KANYAKUMARI,"TAMIL NADU"
"TAMILNAD MERCANTILE BANK LIMITED",TMBL0000269,629060017,THEREKALPUTHUR,"K 1BLOCK, 11 AND 12, APDA VANIKA VALAKAM,APDANAGAR NELLAI ROAD,THEREKALPUTHUR-629002.",272102,NAGERCOIL,KANYAKUMARI,"TAMIL NADU"
"TAMILNAD MERCANTILE BANK LIMITED",TMBL0000268,638060009,OTHAKUTHURAI,"240, GOBI-ERODE MAIN ROAD, OTHAKUTHIRAI-638455. ERODE DISTRICT.",265880,GOBICHETTIPALAYAM,ERODE,"TAMIL NADU"
"TAMILNAD MERCANTILE BANK LIMITED",TMBL0000267,641060014,BELLAIPALAYAM,"11-46, SAKTHI MAIN ROAD, BELLAIPALAYAM-641302. COIMBATORE DISTRICT.",252222,METTUPALAYAM,COIMBATORE,"TAMIL NADU"
"TAMILNAD MERCANTILE BANK LIMITED",TMBL0000266,520060003,GOLLAPUDI,"D.N.3-2, DATTA KALYANA MANDAPAM ROAD, GOLLAPUDI - 521 225",2410003,GOLLAPUDI,KRISHNA,"ANDHRA PRADESH"
"TAMILNAD MERCANTILE BANK LIMITED",TMBL0000265,636060012,KOOLIPATTI,"D.NO.4/400A, GANGA NAGAR, KOOLIPATTI,REDDIPATTI POST,THURAIYUR ROAD, NAMAKKAL DISTRICT-637 002",287060,NAMAKKAL,NAMAKKAL,"TAMIL NADU"
"TAMILNAD MERCANTILE BANK LIMITED",TMBL0000264,638060008,VEPPADAI,"S.NO.182/1, OPP TO GOVERNMENT HIGH SCHOOL, ERODE ROAD, ELANTHAKUTTAI PO, VEPPADAI - 638 008, NAMAKKAL DISTRICT",278077,TIRUCHENGODU,NAMAKKAL,"TAMIL NADU"
"TAMILNAD MERCANTILE BANK LIMITED",TMBL0000263,632060003,KATPADI,"D.NO.11-1-4TH EAST CROSS ROAD, AUXILIEM COLLEGE ROAD, GANDHI NAGAR, KATPADI - 632 006",2248882,KATPADI,VELLORE,"TAMIL NADU"
"TAMILNAD MERCANTILE BANK LIMITED",TMBL0000262,625060018,POOVANTHI,"D.N.3-497, FIREST FLOOR, MADURAI-SIVAGANGAI MAIN ROAD, POOVANTHI - 630 611,SIVAGANGAI DISTRICT",9095031888,SIVAGANGA,SIVAGANGA,"TAMIL NADU"
"TAMILNAD MERCANTILE BANK LIMITED",TMBL0000261,627060037,KUTHUKKALVALASAI,"D.NO.5-294, APS COMPLEX, FIRST FLOOR, KR COLONY, MADURAI ROAD, TIRUNELVELI DISTRICT, KUTHUKKAL VALASAI-627803",280888,TENKASI,TIRUNELVALI,"TAMIL NADU"
"TAMILNAD MERCANTILE BANK LIMITED",TMBL0000260,560060005,NELAMANGALA,"WEAVERS COLONY BUS STOP, B.H.ROAD, NELAMANGALA - 562 123, BANGALURU DISTRICT",27722530,NELAMANGALA,"BANGALORE RURAL",KARNATAKA
"TAMILNAD MERCANTILE BANK LIMITED",TMBL0000259,560060006,ANEKAL,"D.NO.50-46, HOSUR BAGILU ROAD, ANEKAL-562 106, BENGALURU DIST.,",27841889,ANEKAL,"BANGALORE URBAN",KARNATAKA
"TAMILNAD MERCANTILE BANK LIMITED",TMBL0000258,614060202,THIRUTHURAIPOONDI,"D.NO.2 V, 2 A, SANNATHI STREET, THIRUTHURAIPOONDI - 614 713",223350,TIRUTURAIPUNDI,THIRUVARUR,"TAMIL NADU"
"TAMILNAD MERCANTILE BANK LIMITED",TMBL0000257,623060103,MUDHUKULATHUR,"S.NO.335-5B-23 PARAMAKUDI ROAD, MUDHUKULATHUR - 623 704",222255,MUDUKULATHUR,RAMANATHAPURAM,"TAMIL NADU"
"TAMILNAD MERCANTILE BANK LIMITED",TMBL0000256,401060002,BOISAR,"SHOP NO:2,3,4,5 HRISHIKESH APARTMENTS, PALGHAR ROAD, BOISER WEST - 401501",272324,BOISAR,THANE,MAHARASHTRA
"TAMILNAD MERCANTILE BANK LIMITED",TMBL0000255,627060036,UDANGUDI,"S.NO.261  3A, D.NO.6, SATHYAMOORTHY BAZAAR, UDANGUDI-628203.",250590,UDANGUDI,TOOTHUKUDI,"TAMIL NADU"
"TAMILNAD MERCANTILE BANK LIMITED",TMBL0000254,620060004,MANAPPARAI,"D.NO. 60-B, KOVILPATTI ROAD, MANAPPARAI - 621306.",262288,MANAPPARAI,TIRUCHIRAPALLI,"TAMIL NADU"
"TAMILNAD MERCANTILE BANK LIMITED",TMBL0000253,301060050,BHIWADI,"C-4 AND C-2, RIICO CHOWK, BHIWADI-301019, ALWAR DISTRICT, RAJASTHAN",220023,BHIWADI,ALWAR,RAJASTHAN
"TAMILNAD MERCANTILE BANK LIMITED",TMBL0000252,627060035,AUTHOOR,"D.NO.10 - 4,PUNNAKAYAL ROAD, BIG STREET, NORTH AUTHOOR-628151.",238020,AUTHOOR,TOOTHUKUDI,"TAMIL NADU"
"TAMILNAD MERCANTILE BANK LIMITED",TMBL0000251,632060103,ARCOT,"15 - 1,ARANI ROAD, KUMARAN COMPLEX,ARCOT-632503.",236166,ARCOT,VELLORE,"TAMIL NADU"
"TAMILNAD MERCANTILE BANK LIMITED",TMBL0000250,627060034,PUNNAIYAPURAM,"442 - 6,TENKASI MAIN ROAD, KODESWARAN COMPLEX, CHOKKAMPATTI PANCHAYAT,PUNNAIYAPURAM-627855.",233042,CHOCKAMPATTI,TIRUNELVALI,"TAMIL NADU"
"TAMILNAD MERCANTILE BANK LIMITED",TMBL0000249,621060002,ARIYALUR,"36, VELLALAN STREET, RAGAVAN SHOPPING COMPLEX, ARIYALUR - 621 704.",222110,ARIYALUR,VILLUPURAM,"TAMIL NADU"
"TAMILNAD MERCANTILE BANK LIMITED",TMBL0000248,627060033,PANAGUDI,"27 - 13 MAIN ROAD, R.K.B TOWERS FIRST FLOOR, NEAR BUS-STAND, PANAGUDI - 627 109",246244,PANAGUDY,TIRUNELVALI,"TAMIL NADU"
"TAMILNAD MERCANTILE BANK LIMITED",TMBL0000247,636060010,ELAMPILLAI,"S.NO.639 - 2-B, METTUR ROAD, NEAR BUS-STAND, ELAMPILLAI - 637502, SALEM DISTRICT",2491919,ELAMPILLAI,SALEM,"TAMIL NADU"
"TAMILNAD MERCANTILE BANK LIMITED",TMBL0000246,635060003,KAVERIPATNAM,"1347,G.K.S. COMPLEX,PANAGAL STREET(KOSAMEDU), KAVERIPATTINAM-635112, KRISHNAGIRI DISTRICT",252112,KAVERIPATTINAM,"KRISHNAGIRI DISTRICT","TAMIL NADU"
"TAMILNAD MERCANTILE BANK LIMITED",TMBL0000245,641060105,AVINASHI,"D.6/321, GROUND FLOOR, COIMBATORE MAIN ROAD, NH 47, AVINASHI - 614 654",275799,AVANASHI,COIMBATORE,"TAMIL NADU"
"TAMILNAD MERCANTILE BANK LIMITED",TMBL0000244,636060011,SANKARI,"S.F.NO.262 3 J(PART) GROUND FLOOR, KOVAI SALEM MAIN ROAD, SANKARI - 637 301",241177,SANKARI,SALEM,"TAMIL NADU"
"TAMILNAD MERCANTILE BANK LIMITED",TMBL0000243,627060023,SATTANKULAM,"D.NO.84,NAZARETH ROAD, THOOTHUKUDI DISTRICT, SATTANKULAM-628704",266080,SATTANKULAM,TOOTHUKUDI,"TAMIL NADU"
"TAMILNAD MERCANTILE BANK LIMITED",TMBL0000242,620060003,THURAIYUR,"S.F.NO.235/5, WARD NO.24, TRICHY ROAD, OPPOSITE TO ANNAI HOSPITAL, THURAIYUR - 621 010, TRICHY DISTRICT",256155,TURAIYUR,TIRUCHIRAPALLI,"TAMIL NADU"
"TAMILNAD MERCANTILE BANK LIMITED",TMBL0000241,625060014,NATHAM,"1/829/10, DINDIGUL MAIN ROAD, ANNA NAGAR,NATHAM - 624 401, DINDIGUL DIST.,",245557,NATHAM,DINDIGUL,"TAMIL NADU"
"TAMILNAD MERCANTILE BANK LIMITED",TMBL0000240,627060022,SANKARAPERI,"D.NO.4/1, GROUND FLOOR,T.N.HOUSING BOARD COLONY,ETTAYAPURAM ROAD,SANKARAPERI",2347511,TUTICORIN,TOOTHUKUDI,"TAMIL NADU"
"TAMILNAD MERCANTILE BANK LIMITED",TMBL0000239,641060013,SOMANUR,"314, KARUMATHAMPATTI ROAD,NEAR KONGU VELLAR ARAGAM,SOMANUR  641668,COIMBATORE DIST",2335543,SOMANUR,COIMBATORE,"TAMIL NADU"
"TAMILNAD MERCANTILE BANK LIMITED",TMBL0000238,606060003,CHENGAM,"D.NO.48 F,OLD POLICE LINE STREET, CHENGAM, THIRUVANNAMALAI DIST - 606 701",222900,CHENGAM,TIRUVANNAMALAI,"TAMIL NADU"
"TAMILNAD MERCANTILE BANK LIMITED",TMBL0000237,625060013,MELUR,"D.NO.329, ALAGARKOIL ROAD, OPP. TO GOVERNMNET HOSPITAL, MELUR -625 106",2418000,MELUR,MADURAI,"TAMIL NADU"
"TAMILNAD MERCANTILE BANK LIMITED",TMBL0000236,626060105,CHATRAPATTI,"D.NO.207-B, LABAVINAYAGAR KOVIL STREET,TN - 626102",258113,CHATRAPATTI,VIRUDHUNAGAR,"TAMIL NADU"
"TAMILNAD MERCANTILE BANK LIMITED",TMBL0000235,600060028,MEDAVAKKAM,"2-3-A VELACHERY TAMBARAM MAIN ROADMEDAVAKKAM, CHENNAI  600 100.",22773960,CHENNAI,CHENNAI,"TAMIL NADU"
"TAMILNAD MERCANTILE BANK LIMITED",TMBL0000234,600060029,CHITLAPAKKAM,"D.NO.7/25, FIRST FLOOR, 7TH STREET, VINOBAJI NAGAR, CHITLAPAKKAM, CHENNAI 600064",22231488,CHENNAI,CHENNAI,"TAMIL NADU"
"TAMILNAD MERCANTILE BANK LIMITED",TMBL0000233,400060009,"DHARAVI MUMBAI","PLOT NO.267-268 GROUND FLOOR, KAMARAJAR MATRICULATION SCHOOL, KAMARAJ CHOWK, 90 FEET ROAD, DHARAVI, MUMBAI 400017",24074499,MUMBAI,"GREATER BOMBAY",MAHARASHTRA
"TAMILNAD MERCANTILE BANK LIMITED",TMBL0000232,641060012,KAVUNDAMPALAYAM,"47, IST FLOOR, VELLAIKINARU PIRUVU, METTUPALAYAM MAIN ROAD, COIMBATORE 641029",2642300,KAVUNDAPALAYAM,COIMBATORE,"TAMIL NADU"
"TAMILNAD MERCANTILE BANK LIMITED",TMBL0000231,626060004,THIRUTHANGAL,"D.NO.488-4, RENUGA DEVI COMPLEX, GROUND FLOOR, SIVAKASI - VIRUDHUNAGAR MAIN ROAD, THIRUTHANGAL - 626 130",231067,THIRUTTANGAL,VIRUDHUNAGAR,"TAMIL NADU"
"TAMILNAD MERCANTILE BANK LIMITED",TMBL0000230,627060020,"PETTAI RURAL","D NO:446, 1ST MAIN ROAD, KODEESWARAN NAGAR, PETTAI, TIRUNELVELI",2320262,PALAYAMKOTTAI,TIRUNELVALI,"TAMIL NADU"
"TAMILNAD MERCANTILE BANK LIMITED",TMBL0000229,600060025,PORUR,"DOOR NO:67, (OLD NO:63 A),KUNDRATHUR MAIN ROAD, NEAR E.B. OFFICE, CHENNAI - 600 116.",24827655,CHENNAI,CHENNAI,"TAMIL NADU"
"TAMILNAD MERCANTILE BANK LIMITED",TMBL0000228,600060026,NARAVARIKUPPAM,"D.NO.168, OLF NO.169, FIRST FLOOR, G.N.T.ROAD, NARAVARIKUPPAM, RED HILLS, CHENNAI-600052",26322755,CHENNAI,CHENNAI,"TAMIL NADU"
"TAMILNAD MERCANTILE BANK LIMITED",TMBL0000227,600060027,MADIPAKKAM,"DHARSHAN COMPLEX,FIREST FLOOR, D.NO.1,VIGNESHWARA NAGAR,MADIPAKKAM-MEDAVAKKAM HIGH ROAD,CHENNAI-600091",22246580,CHENNAI,CHENNAI,"TAMIL NADU"
"TAMILNAD MERCANTILE BANK LIMITED",TMBL0000226,605060007,VANDAVASI,"5,RAMAIYAR STREET,OPP. TO GANDHI STATUE,VANDAVASI,TIRUVANNAMALAI - 604 408",225399,VANDAVASI,TIRUVANNAMALAI,"TAMIL NADU"
"TAMILNAD MERCANTILE BANK LIMITED",TMBL0000225,641060010,ANNUR,"50,SAKTHI ROAD, ANNUR,COIMBATORE - 641 653",265354,ANNUR,COIMBATORE,"TAMIL NADU"
"TAMILNAD MERCANTILE BANK LIMITED",TMBL0000224,641060011,NEELAMBUR,"499 A AND B, PALANI ANDAVAR KOVIL STREET, NEELAMBUR, COIMBATORE - 641062",2627287,COIMBATORE,COIMBATORE,"TAMIL NADU"
"TAMILNAD MERCANTILE BANK LIMITED",TMBL0000223,396060111,SILVASSA,"PLOT NO.15-3-2, GROUND FLOOR,SHOP NO. 6 AND 7, MADHUBEN APARTMENT, OPP.PATEL PETROL PUMP,AMLI,SILVASSA - 396 230, DADRA AND NAGAR HAVELI (U.T)",2641973,SILVASA,"DADRA&NAGAR HAVELI","DADRA AND NAGAR HAVELI"
"TAMILNAD MERCANTILE BANK LIMITED",TMBL0000222,600060024,"MARAIMALAI NAGAR","D.NO.33-3 AND 4 SHEKILAR STREET,FIRST FLOOR,APPOLO COMPLEX,MARAIMALAI NAGAR - 603 209, CHENGALPUT TALUK",27452341,"MARAIMALAI NAGAR",KANCHEEPURAM,"TAMIL NADU"
"TAMILNAD MERCANTILE BANK LIMITED",TMBL0000221,625060010,PALAMEDU,"D.NO.11-23, GROUND FLOOR, PERIA KADAI VEETHI, NEAR VILAKKU THOON, PALAMEDU - 625 503",246235,PALAMEDU,MADURAI,"TAMIL NADU"
"TAMILNAD MERCANTILE BANK LIMITED",TMBL0000220,625060011,ANDIPATTI,"D.NO.8-1-590,GROUND FLOOR,MADURAI THENI MAIN ROAD,ANDIPATTI,THENI DISTRICT",243009,ANDIPATTI,THENI,"TAMIL NADU"
"TAMILNAD MERCANTILE BANK LIMITED",TMBL0000219,110060006,KAROLBAGH-DELHI,"1015-1017,FIRST FLOOR, UMANG PLAZA, ARYA SAMAJ ROAD, KAROL BAGH, DELHI-110005",28755914,DELHI,DELHI,DELHI
"TAMILNAD MERCANTILE BANK LIMITED",TMBL0000218,400060008,CHEMBUR-MUMBAI,"53,C.S.T.ROAD,SINDHI SOCIETY,OPP.BAKTHI BHAVAN,CHEMBUR,MUMBAI - 400071",25270766,MUMBAI,"GREATER BOMBAY",MAHARASHTRA
"TAMILNAD MERCANTILE BANK LIMITED",TMBL0000217,400060007,"SEWRI - MUMBAI","SHEETAL APARTMENTS, GROUND FLOOR, 130, THAKARE UDAYAN ROAD, SEWRI, MUMBAI - 400015",24174568,MUMBAI,"GREATER BOMBAY",MAHARASHTRA
"TAMILNAD MERCANTILE BANK LIMITED",TMBL0000216,600060030,MELMARUVATHUR,"DOOR NO. 4, G.S.T ROAD, FIRST FLOOR, MELMARUVATHUR - 603319",27528375,MELMARUVATHUR,KANCHEEPURAM,"TAMIL NADU"
"TAMILNAD MERCANTILE BANK LIMITED",TMBL0000215,600060023,CHENNAI-GUDUVANCHERI,"140, G.S.T ROAD, NEAR POST OFFICE, GUDUVANCHERI- 603202",27466301,GUDUVANCHERI,KANCHEEPURAM,"TAMIL NADU"
"TAMILNAD MERCANTILE BANK LIMITED",TMBL0000214,400060006,"MUMBAI ANDHERI (WEST)","LAXMI PLAZA, GALA NO.25-27, LAXMI INDUSTRIAL ESTATE, NEW LINK ROAD, ANDHERI (WEST), MUMBAI - 400053",26366240,MUMBAI,"GREATER BOMBAY",MAHARASHTRA
"TAMILNAD MERCANTILE BANK LIMITED",TMBL0000213,500060004,"HYDERABAD-RIKAB GUNJ","21-7-802,803, III FLOOR, SILVER OAK PLAZA, OPP.HIGH COURT, RIKAB GUNJ, HYDERABAD-500002",24573494,HYDERABAD,"HYDERABAD URBAN","ANDHRA PRADESH"
"TAMILNAD MERCANTILE BANK LIMITED",TMBL0000212,632060302,GUDIYATHAM,"103-104, THALAYATHAM BAZAAR, SANTHAPET, GUDIYATHAM-632602, VELLORE DIST.",223336,GUDIYATHAM,VELLORE,"TAMIL NADU"
"TAMILNAD MERCANTILE BANK LIMITED",TMBL0000211,110060004,GHAZIABAD,"3N/19, NEHRU NAGAR, DR.AMBEDKAR ROAD, GHAZIABAD.UP-201001",2704963,GHAZIABAD,GHAZIABAD,"UTTAR PRADESH"
"TAMILNAD MERCANTILE BANK LIMITED",TMBL0000210,600060022,PALLAVARAM,"DOOR NO. 54, RAJENDRA PRASAD SALAI, CANTONMENT, PALLAVARAM, CHENNAI - 600043",22640330,PALLAVARAM,KANCHEEPURAM,"TAMIL NADU"
"TAMILNAD MERCANTILE BANK LIMITED",TMBL0000209,600060018,THIRUVALLUR,"OLD NO.120, J.N.ROAD,THIRUVALLUR DIST CHENNAI-602001, TAMILNADU",27663855,TIRUVALLUR,TIRUVALLUR,"TAMIL NADU"
"TAMILNAD MERCANTILE BANK LIMITED",TMBL0000208,600060019,"CHENNAI MADURAVAYAL","SAI PRUTHVI ENCLAVE, 4/250 MMDA COLONY, FIRST STREET, THIRUVALLUR DIST, CHENNAI-600095",23783120,MADURAVAYAL,TIRUVALLUR,"TAMIL NADU"
"TAMILNAD MERCANTILE BANK LIMITED",TMBL0000207,110060003,"DELHI SHAHDARA","26/22, STREET NO.12 MAIN, 60 FEET ROAD, VISHWAS NAGAR, SHAHDARA-EAST DELHI 110032",22304533,DELHI,"NEW DELHI",DELHI
"TAMILNAD MERCANTILE BANK LIMITED",TMBL0000206,600060020,KOTTIVAKKAM,"1/1B, EAST COAST ROAD, KOTTIVAKKAM, CHENNAI-600041",24514466,CHENNAI,CHENNAI,"TAMIL NADU"
"TAMILNAD MERCANTILE BANK LIMITED",TMBL0000205,600060021,VALASARAVAKKAM,"SREE PUSHPA COMPLEX, 91 KAMAKODI NAGAR, VALASARAVAKKAM, THIRUVALLUR DIST.CHENNAI-600087",24864811,VALASARAVAKKAM,TIRUVALLUR,"TAMIL NADU"
"TAMILNAD MERCANTILE BANK LIMITED",TMBL0000204,600060017,POONAMALLE,"792, TRUNK ROAD, THIRUVALLUR DIST., POONAMALLEE, CHENNAI-600056",26490402,POONAMALLE,TIRUVALLUR,"TAMIL NADU"
"TAMILNAD MERCANTILE BANK LIMITED",TMBL0000203,641060104,KUNNATHUR,"380/2-4,I-FLOOR, PERUNDURAI ROAD, KUNNATHUR, ERODE DIST.PIN-638103. TAMIL NADU",263990,KUNNATHUR,ERODE,"TAMIL NADU"
"TAMILNAD MERCANTILE BANK LIMITED",TMBL0000202,600060014,SRIPERUMBUDUR,"50,BANGALORE TRUNK ROAD,OPP.TO BUS STAND,KANCHEEPURAM DIST.602105",27162308,SRIPERUMBUDUR,KANCHEEPURAM,"TAMIL NADU"
"TAMILNAD MERCANTILE BANK LIMITED",TMBL0000201,638060402,SATHYAMANGALAM,"D.NO.457/1, MYSORE TRUNK ROAD,SATHYAMANGALAM-638402 ERODE DIST. TAMILNADU",221780,SATHYAMANGALAM,ERODE,"TAMIL NADU"
"TAMILNAD MERCANTILE BANK LIMITED",TMBL0000199,636060004,RASIPURAM,"D.NO.2 &2C, SIVAN KOIL STREET, OLD BUS STAND, RASIPURAM-637408 NAMAKKAL DIST. TAMILNADU",224440,RASIPURAM,NAMAKKAL,"TAMIL NADU"
"TAMILNAD MERCANTILE BANK LIMITED",TMBL0000198,641060103,PERUMANALLUR,"339.R.R.COMPLEX, KOVAI ROAD, PERUMANALLUR, COIMBATORE DIST.TAMIL NADU. PIN.641666",2352555,PERUMANALLUR,COIMBOTORE,"TAMIL NADU"
"TAMILNAD MERCANTILE BANK LIMITED",TMBL0000197,627060016,SHENCOTTAH,"1/756-1, COURTALLAM ROAD,  PIRANOOR BORDER, SHENKOTTAI, TIRUNELVELI DIST. TAMILNADU-627809",236233,SHENCOTTAH,TIRUNELVELI,"TAMIL NADU"
"TAMILNAD MERCANTILE BANK LIMITED",TMBL0000196,600060013,"CHENNAI SHOLINGANALLUR","125/1,IT HIGHWAY, OLD MAHABALIPURAM ROAD, SHOLINGANALLUR, KANCHEEPURAM DIST, TAMILNADU-600119",24502555,SHOLINGANALLUR,KANCHEEPURAM,"TAMIL NADU"
"TAMILNAD MERCANTILE BANK LIMITED",TMBL0000195,607060202,PANRUTI,"71,CHENNAI SALAI, PANRUTI-607106, CUDDALORE DIST. TAMILNADU",244556,PANRUTI,CUDDALORE,"TAMIL NADU"
"TAMILNAD MERCANTILE BANK LIMITED",TMBL0000194,626060003,"SIVAKASI A.J.COLLEGE","A.J.COLLEGE, SRIVILLIPUTHUR MAIN ROAD, SIVAKASI-626124 TAMILNADU",255599,SIVAKASI,VIRUDHUNAGAR,"TAMIL NADU"
"TAMILNAD MERCANTILE BANK LIMITED",TMBL0000193,631060102,ARAKONAM,"112, SHOLINGUR ROAD, ARAKONAM-631001, VELLORE DIST, TAMILNADU",230711,VELLORE,VELLORE,"TAMIL NADU"
"TAMILNAD MERCANTILE BANK LIMITED",TMBL0000192,395060003,"SURAT RING ROAD","ROCK FORD BUSINESS CENTRE, UDHNA DHRWAJA, RING ROAD, SURAT-395002",2632600,SURAT,SURAT,GUJARAT
"TAMILNAD MERCANTILE BANK LIMITED",TMBL0000191,635060002,KRISHNAGIRI,"190,BANGALORE ROAD, KRISHNAGIRI-635001, TAMILNADU",232783,KRISHNAGIRI,KRISHNAGIRI,"TAMIL NADU"
"TAMILNAD MERCANTILE BANK LIMITED",TMBL0000190,518060102,NANDYAL,"25/629, RAM SAI ENCLAVE,TTD ROAD, SRINIVASA NAGAR, NANDYAL-518501, KURNOOL DIST.ANDHRA PRADESH",240550,NANDYAL,KURNOOL,"ANDHRA PRADESH"
"TAMILNAD MERCANTILE BANK LIMITED",TMBL0000189,605060004,TINDIVANAM,"28-RAJAJI STREET, TINDIVANAM-604001,VILLUPURAM DIST, TAMILNADU",223259,TINDIVANAM,VILLUPURAM,"TAMIL NADU"
"TAMILNAD MERCANTILE BANK LIMITED",TMBL0000188,632060102,RANIPET,"35-M.P.T.ROAD, NAVALPUR,RANIPET-638024, VELLORE DIST. TAMIL NADU",273718,RANIPET,VELLORE,"TAMIL NADU"
"TAMILNAD MERCANTILE BANK LIMITED",TMBL0000187,638060004,BHAVANI,"31-BAJANAI KOVIL STREET,BHAVANI-63830, ERODE DIST. TAMIL NADU",234433,BHAVANI,ERODE,"TAMIL NADU"
"TAMILNAD MERCANTILE BANK LIMITED",TMBL0000186,311060002,BHILWARA,"PLOT NO.A1,J.S.BUILDING, PUR ROAD, BHILWARA, RAJASTHAN-311001",240367,BHILWARA,BHILWARA,RAJASTHAN
"TAMILNAD MERCANTILE BANK LIMITED",TMBL0000185,627060017,SURANDAI,"14-7-24(15), FIRST FLOOR, S.VELAYUTHA NADAR COMPLEX,KAMARAJAR SALAI, SURANDAI, TIRUNELVELI DIST.TAMILNADU-627859",261030,SURANDAI,TIRUNELVELI,"TAMIL NADU"
"TAMILNAD MERCANTILE BANK LIMITED",TMBL0000184,622060003,ARANTANGI,"32, R.H.COMPLEX, OLD HOSPITAL ROAD, ARANTHANGI-614616",222160,ARANTANGI,PUDUKKOTTAI,"TAMIL NADU"
"TAMILNAD MERCANTILE BANK LIMITED",TMBL0000183,629060011,PILLAYARPURAM,"SIVANTHI ADITHANAR COLLEGE CAMPUS, MANIKATTI POTTAL (PO) PILLAYARPURAM, NAGERCOIL-629501.",251905,NAGERCOIL,KANNIYAKUMARI,"TAMIL NADU"
"TAMILNAD MERCANTILE BANK LIMITED",TMBL0000182,606060202,VRIDHACHALAM,"818,AKR COMPLEX, JUNCTION ROAD, VRIDHACHALAM-606001",263108,VRIDHACHALAM,CUDDALORE,"TAMIL NADU"
"TAMILNAD MERCANTILE BANK LIMITED",TMBL0000181,623060102,PARAMAGUDI,"4/323,GANDHIJI ROAD, OPP.CO-OP MILK SOCIETY, PARAMAKUDI-623707",224547,PARAMAGUDI,RAMANATHAPURAM,"TAMIL NADU"
"TAMILNAD MERCANTILE BANK LIMITED",TMBL0000180,625060302,BODINAYAKANUR,"22.PONNAMBALAM STREET, BODINAYAKANUR-625513",283788,BODINAYAKANUR,THENI,"TAMIL NADU"
"TAMILNAD MERCANTILE BANK LIMITED",TMBL0000179,638060003,PERUNDURAI,"VRV COMPLEX, 21, BHAVANI ROAD, PERUNDURAI-638052",225566,PERUNDURAI,ERODE,"TAMIL NADU"
"TAMILNAD MERCANTILE BANK LIMITED",TMBL0000178,629060106,KULASEKARAM,"1/160/2, BISMI COMPLEX, OPP TO DOMINIC HOSPITAL KULASEKARAM-629161",277796,KALKULAM,KANNIYAKUMARI,"TAMIL NADU"
"TAMILNAD MERCANTILE BANK LIMITED",TMBL0000177,629060005,AZHAGAPPAPURAM,"ST.ANTONY'S HR.SEC.SCHOOL, ALAGAPPAPURAM-629401",267475,AZHAGAPPAPURAM,KANNIYAKUMARI,"TAMIL NADU"
"TAMILNAD MERCANTILE BANK LIMITED",TMBL0000176,629060016,VADAKKANKULAM,"LINCY COMPLEX, DOOR NO.10-165, RADHAPURAM ROAD, VADAKKANKULAM-627116",230041,RADHAPURAM,TIRUNELVELI,"TAMIL NADU"
"TAMILNAD MERCANTILE BANK LIMITED",TMBL0000175,627060008,"NADAR HR.SEC.SCHOOL CAMPUS","PASUVANTHANAI ROAD, KOVILPATTI-628501 TAMILNADU",221115,KOVILPATTI,THOOTHKUDI,"TAMIL NADU"
"TAMILNAD MERCANTILE BANK LIMITED",TMBL0000174,627060011,"THOOTHUKUDI KAMARAJ COLLEGE","KAMARAJAR COLLEGE CAMPUS TIRUCHENDUR ROAD, THOOTHUKUDI-628003 TAMILNADU",2376446,TUTICORIN,THOOTHKUDI,"TAMIL NADU"
"TAMILNAD MERCANTILE BANK LIMITED",TMBL0000173,605060006,GINGEE,"102-103, KRISHNA COMPLEX, VILLUPURAM ROAD, GINGEE-604202",223122,GINGEE,VILLUPURAM,"TAMIL NADU"
"TAMILNAD MERCANTILE BANK LIMITED",TMBL0000172,753060002,CUTTACK,"68-69, MAIN BAZAR, BAROPATHAR, BUXI BAZAR, CUTTACK-753001 ORISSA",2425690,CUTTACK,CUTTAK,ODISHA
"TAMILNAD MERCANTILE BANK LIMITED",TMBL0000171,518060002,KURNOOL,"67/86, OLD POST OFFICE ROAD, KURNOOL-518001 TAMILNADU",246787,KURNOOL,KURNOOL,"ANDHRA PRADESH"
"TAMILNAD MERCANTILE BANK LIMITED",TMBL0000170,517060002,TIRUPATHI,"19-4-121/14D, STV NAGAR, AIR BYE PASS ROAD, TIRUPATHI-517501 TAMILNADU",2242383,TIRUPATI,CHITTOR,"ANDHRA PRADESH"
"TAMILNAD MERCANTILE BANK LIMITED",TMBL0000169,141060002,LUDHIANA,"B-XV-89, G.T.ROAD, MILLER GANJ, LUDHIANA-141003 PUNJAB",2547586,LUDHIANA,LUDHIANA,PUNJAB
"TAMILNAD MERCANTILE BANK LIMITED",TMBL0000168,400060005,"MUMBAI - SION","PLOT NO.43,VANDHANA SCHEME NO.6,ROAD.NO.25,SION CIRCLE(W) MUMBAI-400022 MH",24070189,MUMBAI,"GREATER BOMBAY",MAHARASHTRA
"TAMILNAD MERCANTILE BANK LIMITED",TMBL0000167,533060002,KAKINADA,"27-9-50/51, TEMPLE STREET, KAKINADA-533001 ANDHRA PRADESH",2346658,KAKINADA,"EAST GODAVARI","ANDHRA PRADESH"
"TAMILNAD MERCANTILE BANK LIMITED",TMBL0000166,629060004,THUCKALAY,"20/32-A, MAIN ROAD, THUCKALAY-629175 TAMILNADU",257207,THUCKALAI,KANNIYAKUMARI,"TAMIL NADU"
"TAMILNAD MERCANTILE BANK LIMITED",TMBL0000165,600060012,CHENNAI-PURASAWALKAM,"80-93, PURASAWALKAM HIGH ROAD, PURASAWALKAM, CHENNAI-600007 TAMILNADU",26616540,CHENNAI,CHENNAI,"TAMIL NADU"
"TAMILNAD MERCANTILE BANK LIMITED",TMBL0000164,638060006,GOBICHETTIPALAYAM,"47A/19-A, CUTCHERI STREET, V.K.P.PLAZA, GOBICHETTIPALAYAM-638452 TAMILNADU",228167,GOBICHETTIPALAYAM,ERODE,"TAMIL NADU"
"TAMILNAD MERCANTILE BANK LIMITED",TMBL0000163,625060007,MADURAI-TALLAKULAM,"RA-GEM PLAZA, 111-112, ALAGAR KOVIL STREET, TALLAKULAM, MADURAI-625002 TAMILNADU",2520394,MADURAI,MADURAI,"TAMIL NADU"
"TAMILNAD MERCANTILE BANK LIMITED",TMBL0000162,400060004,"MUMBAI - ANDHERI","UNIT NO.14, BLDG.NO.2, MITTAL INDUST. ESTATE, MAROL NAKA, ANDHERI(E), MUMBAI-400059 MH",28513983,MUMBAI,"GREATER BOMBAY",MAHARASHTRA
"TAMILNAD MERCANTILE BANK LIMITED",TMBL0000161,600060011,"CHENNAI-ANNA NAGAR","AC-16, II AVENUE, ANNA NAGAR WEST, CHENNAI-600040 TAMILNADU",26202975,CHENNAI,CHENNAI,"TAMIL NADU"
"TAMILNAD MERCANTILE BANK LIMITED",TMBL0000160,600060015,CHENGALPATTU,"3,G.S.T.ROAD, CHENGALPATTU-603001 TAMILNADU",27423114,CHENGALPATTU,KANCHEEPURAM,"TAMIL NADU"
"TAMILNAD MERCANTILE BANK LIMITED",TMBL0000159,627060025,VALLIYOOR,"498-A, MAIN ROAD, VALLIYOOR-627117 TAMILNADU",221195,VALLIOOR,TIRUNELVELI,"TAMIL NADU"
"TAMILNAD MERCANTILE BANK LIMITED",TMBL0000158,600060010,CHENNAI-TIRUVANMIYUR,"3, THIRUVALLUVAR SALAI, THIRUVANMIYUR, CHENNAI-600041",24405509,CHENNAI,CHENNAI,"TAMIL NADU"
"TAMILNAD MERCANTILE BANK LIMITED",TMBL0000157,600060009,CHENNAI-PERAMBUR,"OLD NO.82, NEW NO.213 & 215, THILAGA TOWERS, MADHAVARAM HIGH ROAD, CHENNAI-600011 TAMILNADU",25375931,CHENNAI,CHENNAI,"TAMIL NADU"
"TAMILNAD MERCANTILE BANK LIMITED",TMBL0000156,627060010,"SIPCOT - THOOTHUKUDI","97/H/30, PALAYAMKOTTAI ROAD, TUTICORIN-628008 TAMILNADU",2310606,TUTICORIN,THOOTHKUDI,"TAMIL NADU"
"TAMILNAD MERCANTILE BANK LIMITED",TMBL0000155,625060106,CUMBUM,"213-A/W18, ODAIKARAI STREET, CUMBUM-625516 TAMILNADU",274211,CUMBUM,THENI,"TAMIL NADU"
"TAMILNAD MERCANTILE BANK LIMITED",TMBL0000154,630060202,SIVAGANGA,"74, NORTH RAJA STREET, SIVAGANGA-630561 TAMILNADU",244262,SIVAGANGA,SIVAGANGA,"TAMIL NADU"
"TAMILNAD MERCANTILE BANK LIMITED",TMBL0000153,625060006,THIRUMANGALAM,"308, MADURAI ROAD, TIRUMANGALAM-625706 TAMILNADU",285218,TIRUMANGALAM,MADURAI,"TAMIL NADU"
"TAMILNAD MERCANTILE BANK LIMITED",TMBL0000152,627060003,PALAYAMKOTTAI,"WATER TANK ROAD, ST.JOHN'S COLLEGE CAMPUS, PALAYAMKOTTAI-627002 TAMILNADU",2583066,PALAYAMKOTTAI,TIRUNELVELI,"TAMIL NADU"
"TAMILNAD MERCANTILE BANK LIMITED",TMBL0000151,411060002,PUNE,"13, SHOLAPUR BAZAR ROAD, POLGATE, PUNE-411001 MAHARASHTRA",26363091,PUNE,PUNE,MAHARASHTRA
"TAMILNAD MERCANTILE BANK LIMITED",TMBL0000150,390060002,VADODARA,"40-VISWAS COLONY, RC DUTT ROAD, ALKAPURI, VADODARA-390005 GUJARAT",2312054,VADODARA,VADODARA,GUJARAT
"TAMILNAD MERCANTILE BANK LIMITED",TMBL0000149,686060002,KOTTAYAM,"9/439, BAKER JUNCTION CSI COMMERCIAL COMPLEX, KOTTAYAM-686001 KERALA",2561540,KOTTAYAM,KOTTAYAM,KERALA
"TAMILNAD MERCANTILE BANK LIMITED",TMBL0000148,530060001,VISAKHAPATNAM,"30-7-25, GROUND FLOOR, DABA GARDENS, VISAKHAPATNAM-530020 ANDHRA PRADESH",2716080,VISAKHAPATNAM,VISHAKAPATNAM,"ANDHRA PRADESH"
"TAMILNAD MERCANTILE BANK LIMITED",TMBL0000147,609060102,KARAIKAL,"149, BHARATHIYAR SALAI, KARAIKAL-609602 PONDICHERRY",222072,KARAIKAL,PONDICHERRY,PUDUCHERRY
"TAMILNAD MERCANTILE BANK LIMITED",TMBL0000146,600060008,CHENNAI-TAMBARAM,"33, SIVA SHANMUGAM STREET, TAMBARAM, CHENNAI-600045 TAMILNADU",22260957,CHENNAI,CHENNAI,"TAMIL NADU"
"TAMILNAD MERCANTILE BANK LIMITED",TMBL0000145,635060402,HOSUR,"690/1, OLD BANGALORE ROAD, HOSUR-635109 TAMILNADU",241728,HOSUR,KRISHNAGIRI,"TAMIL NADU"
"TAMILNAD MERCANTILE BANK LIMITED",TMBL0000144,629060102,MARTHANDAM,"2/24-2, TRIVANDRUM MAIN ROAD, MARTHANDAM-629165 TAMILNADU",272756,MARTHANDAM,KANNIYAKUMARI,"TAMIL NADU"
"TAMILNAD MERCANTILE BANK LIMITED",TMBL0000143,416060201,ICHALKARANJI,"SHIV PARVATI ARCADE, WARD NO.5, HOUSE NO.105, LAYKAR LANE,  ICHALKARANJI-416115 TAMILNADU",2431885,ICHALKARNJI,KOLHAPUR,MAHARASHTRA
"TAMILNAD MERCANTILE BANK LIMITED",TMBL0000142,600060007,CHENNAI-AMINJIKARAI,"D.NO.650, POONAMALLE HIGH ROAD, AMINJIKARAI, CHENNAI-600029 TAMILNADU",26264004,CHENNAI,CHENNAI,"TAMIL NADU"
"TAMILNAD MERCANTILE BANK LIMITED",TMBL0000141,500060003,SECUNDERABAD,"102,103&124, CHENOY TRADE CENTRE, PARK LANE, S.D.ROAD, SECUNDERABAD-500003 AP",27894021,"SECUNDERABAD CANTONMENT","HYDERABAD URBAN","ANDHRA PRADESH"
"TAMILNAD MERCANTILE BANK LIMITED",TMBL0000140,641060007,METTUPALAYAM,"SAI TOWERS, (OPP.C.S.I.CHURCH), OOTY MAIN ROAD, METTUPALAYAM-641301 TAMILNADU",224927,METTUPALAYAM,COIMBOTORE,"TAMIL NADU"
"TAMILNAD MERCANTILE BANK LIMITED",TMBL0000139,627060006,SANKARANKOVIL,"9,SOUTH CAR STREET, SANKARANKOIL-627756 TAMILNADU",224563,SANKARANKOIL,TIRUNELVELI,"TAMIL NADU"
"TAMILNAD MERCANTILE BANK LIMITED",TMBL0000138,636060102,DHARMAPURI,"61, ARUMUGA ACHARI STREET, DHARMAPURI-636701 TAMILNADU",265039,DHARMAPURI,DHARMAPURI,"TAMIL NADU"
"TAMILNAD MERCANTILE BANK LIMITED",TMBL0000137,573060302,HASSAN,"102 TO 105, HARSHA MAHAL ROAD, HASSAN-573201 KARNATAKA",235276,HASSAN,HASSAN,KARNATAKA
"TAMILNAD MERCANTILE BANK LIMITED",TMBL0000136,641060006,COIMBATORE-R.S.PURAM,"539-540, D.B.ROAD, R.S.PURAM, COIMBATORE-641002 TAMILNADU",2542429,COIMBATORE,COIMBOTORE,"TAMIL NADU"
"TAMILNAD MERCANTILE BANK LIMITED",TMBL0000135,611060002,NAGAPATTINAM,"D.NO.57, T.S.NO.1563, WARD NO.3, BLOCK NO.18, NEELA SOUTH STREET, NAGAPATNAM-611001 TAMILNADU",240970,NAGAPATTINAM,NAGAPATTINAM,"TAMIL NADU"
"TAMILNAD MERCANTILE BANK LIMITED",TMBL0000134,606060002,THIRUVANNAMALAI,"NO.91/106, BIG STREET, THIRUVANNAMALAI-606601 TAMILNADU",253578,TIRUVANNAMALAI,TIRUVANNAMALAI,"TAMIL NADU"
"TAMILNAD MERCANTILE BANK LIMITED",TMBL0000133,686060052,CHANGANASSERY,"8/1131, DR.ALPHONZA ROAD, CHENGANACHERRY-686101 KERALA",2420889,CHANGANASSERY,KOTTAYAM,KERALA
"TAMILNAD MERCANTILE BANK LIMITED",TMBL0000132,626060402,SATTUR,"531/E, MAIN ROAD, SATTUR-626203 TAMILNADU",260920,SATTUR,VIRUDHUNAGAR,"TAMIL NADU"
"TAMILNAD MERCANTILE BANK LIMITED",TMBL0000131,623060002,RAMANATHAPURAM,"DOOR NO.25, FIRST FLOOR, SIGIL RAJA VEETHI,  RAMANATHAPURAM-623501 TAMILNADU",224780,RAMANATHAPURAM,RAMANATHAPURAM,"TAMIL NADU"
"TAMILNAD MERCANTILE BANK LIMITED",TMBL0000130,384060051,UNJHA,"6/12/35/21-24, MEENAKSHI BHAVAN, ZAVERIPARU, STATION ROAD, UNJHA-384170 GUJARAT",254510,UNJHA,PATAN,GUJARAT
"TAMILNAD MERCANTILE BANK LIMITED",TMBL0000129,636060005,NAMAKKAL,"114, SALEM ROAD, K.K.P.COMPLEX, NAMAKKAL-637001 TAMILNADU",277179,NAMAKKAL,NAMAKKAL,"TAMIL NADU"
"TAMILNAD MERCANTILE BANK LIMITED",TMBL0000128,622060002,PUDUKOTTAI,"2738, EAST MAIN ROAD, K.L.K.S.COMPLEX, PUTHUKOTTAI-622001, TAMILNADU",220194,PUDUKKOTTAI,PUDUKKOTTAI,"TAMIL NADU"
"TAMILNAD MERCANTILE BANK LIMITED",TMBL0000127,630060002,KARAIKUDI,"D.NO.5/1 & 2, GROUND FLOOR, GANDHI STREET, SEKKAALAI ROAD, KARAIKUDI-630001 TAMILNADU",238360,KARAIKUDI,SIVAGANGA,"TAMIL NADU"
"TAMILNAD MERCANTILE BANK LIMITED",TMBL0000126,638060005,TIRUCHENGODU,"27/1, (OLD NO.10),SOUTH CAR STREET, TIRUCHENGODE-637211 TAMILNADU",255772,TIRUCHENGODU,NAMAKKAL,"TAMIL NADU"
"TAMILNAD MERCANTILE BANK LIMITED",TMBL0000125,642060102,UDUMALPET,"243-POLLACHI ROAD, UDUMALPET-642126 TAMILNADU",226357,UDUMALPET,COIMBOTORE,"TAMIL NADU"
"TAMILNAD MERCANTILE BANK LIMITED",TMBL0000124,534060102,TADEPALLIGUDAM,"D.NO.1-47-5, RAGHVENDRA COMPLEX, GROUND FLOOR, K.N.ROAD,TADEPALLIGUDAM-534101 ANDHRA PRADESH",222890,TADEPALLIGUDEM,"WEST GODAVARI","ANDHRA PRADESH"
"TAMILNAD MERCANTILE BANK LIMITED",TMBL0000123,600060006,"CHENNAI-TTK ROAD","NO.4,TTK ROAD, ROYAPETTAH, CHENNAI-600014 TAMILNADU",28115786,CHENNAI,CHENNAI,"TAMIL NADU"
"TAMILNAD MERCANTILE BANK LIMITED",TMBL0000122,673060002,KOZHIKODE,"11/436, CHEROORY ROAD, SOUTH SIDE OF C.H.FLYOVER, KOZHICODE-673032 KERALA",2365760,CALICUT,KOZHIKODE,KERALA
"TAMILNAD MERCANTILE BANK LIMITED",TMBL0000121,641060003,"COIMBATORE-DR.N. ROAD","364-DR.NANJAPPA ROAD, COIMBATORE-641018 TAMILNADU",2238653,COIMBATORE,COIMBOTORE,"TAMIL NADU"
"TAMILNAD MERCANTILE BANK LIMITED",TMBL0000120,533060102,RAJAMUNDRY,"33-1-10 TOWN HALL ROAD, RAJAHMUNDRY-533101 ANDHRA PRADESH",2476155,RAJAHMUNDRY,"EAST GODAVARI","ANDHRA PRADESH"
"TAMILNAD MERCANTILE BANK LIMITED",TMBL0000119,395060002,SURAT,"BOMBAY MARKET, OFFICE BUILDING COMPLEX, SURAT-395010 GUJARAT",2369191,SURAT,SURAT,GUJARAT
"TAMILNAD MERCANTILE BANK LIMITED",TMBL0000118,625060004,MADURAI-CHINTHAMANI,"74-75, KAMARAJAR SALAI, CHINTHAMANI, MADURAI-625009 TAMILNADU",2632933,MADURAI,MADURAI,"TAMIL NADU"
"TAMILNAD MERCANTILE BANK LIMITED",TMBL0000117,400060003,"VASHI - NAVI MUMBAI","PLOT NO.179, BANKING COMPLEX BLDG. APMC MARKET, SECTOR 19 VASHI MUMBAI-400705",27831710,MUMBAI,"GREATER BOMBAY",MAHARASHTRA
"TAMILNAD MERCANTILE BANK LIMITED",TMBL0000116,625060015,M.M.KOVILUR,"DOOR NO.1/163, MAIN ROAD, M.M.KOVILUR-624005 TAMILNADU",2410657,M.M.KOVILUR,DINDIGUL,"TAMIL NADU"
"TAMILNAD MERCANTILE BANK LIMITED",TMBL0000115,625060009,CHOCKALINGAPURAM,"281, MAIN ROAD, VIA KOTTAMPATTI, MELUR TALUK,  CHOCKALINGAPURAM-625103 TAMILNADU",242230,CHOCKALINGAPURAM,MADURAI,"TAMIL NADU"
"TAMILNAD MERCANTILE BANK LIMITED",TMBL0000114,636060007,VARAGUR,"1/28, MARIAMMAN KOIL STREET, VARAGUR-637021 TAMILNADU",264527,VARAGUR,NAMAKKAL,"TAMIL NADU"
"TAMILNAD MERCANTILE BANK LIMITED",TMBL0000113,380060002,AHMEDABAD,"1-B, WALL STREET, ELLIS BRIDGE, AHMEDABAD-380006 GUJARAT",26441897,AHMEDABAD,AHMEDABAD,GUJARAT
"TAMILNAD MERCANTILE BANK LIMITED",TMBL0000112,682060002,ERNAKULAM,"64/3334-A, CHITTOOR ROAD, KACHERIPPADY, ERNAKULAM-682035 KERALA",2365431,KOCHI,ERNAKULAM,KERALA
"TAMILNAD MERCANTILE BANK LIMITED",TMBL0000111,627060031,PANDARAVILAI,"3/11, HIGHWAYS ROAD,  PANDARAVILAI-628751 TAMILNADU",271223,ERAL,THOOTHKUDI,"TAMIL NADU"
"TAMILNAD MERCANTILE BANK LIMITED",TMBL0000110,626060303,VADAMALAIKURUCHI,"1/75A MAIN ROAD, VADAMALAIKURICHI-626001 TAMILNADU",290310,VADAMALAIKURICHI,VIRUDHUNAGAR,"TAMIL NADU"
"TAMILNAD MERCANTILE BANK LIMITED",TMBL0000109,629060105,CHENGAVILAI,"2/78-A, CHOOZHAL, CHENGAVILAI, KOLLAMCODE PO, CHENGAVILAI-629160 TAMILNADU",246051,KOLLEMKODE,KANNIYAKUMARI,"TAMIL NADU"
"TAMILNAD MERCANTILE BANK LIMITED",TMBL0000108,605060002,PONDICHERRY,"SHANTHI INN, GROUND FLOOR,NO.57,59 &61 , JAWAHARLAL NEHRU STREET, PONDICHERRY-605001",2335032,PONDICHERRY,PONDICHERRY,PUDUCHERRY
"TAMILNAD MERCANTILE BANK LIMITED",TMBL0000107,524060002,NELLORE,"17/130, SRI RAJESHWARI TOWERS, NELLORE-524001 ANDHRA PRADESH",2333630,NELLORE,NELLORE,"ANDHRA PRADESH"
"TAMILNAD MERCANTILE BANK LIMITED",TMBL0000106,627060009,"THOOTHUKUDI SOUTH BR","283, W.G.C.ROAD, TUTICORIN-628002 TAMILNADU",2322088,TUTICORIN,THOOTHKUDI,"TAMIL NADU"
"TAMILNAD MERCANTILE BANK LIMITED",TMBL0000105,600060016,KANCHEEPURAM,"40A, VANIGAR STREET, KANCHIPURAM-631501 TAMILNADU",27222587,KANCHIPURAM,KANCHEEPURAM,"TAMIL NADU"
"TAMILNAD MERCANTILE BANK LIMITED",TMBL0000104,629060107,KAPPUKADU,"13/61-B, MAIN ROAD, KAPPUKADU-629162 TAMILNADU",271877,KAPPIKADU,KANNIYAKUMARI,"TAMIL NADU"
"TAMILNAD MERCANTILE BANK LIMITED",TMBL0000103,NA,DEVATHANAPET,"51 BY 52, MIDDLE STREET, DEVATHANAMPETTAI-604151",0,DEVATHANAPET,VILLUPURAM,"TAMIL NADU"
"TAMILNAD MERCANTILE BANK LIMITED",TMBL0000102,625060108,MAYILADUMPARAI,"224/2, PANDAGA SALAI,  MAYILADUMPARAI-625579 TAMILNADU",227241,MAYILADUMPARAI,THENI,"TAMIL NADU"
"TAMILNAD MERCANTILE BANK LIMITED",TMBL0000101,575060002,MANGALORE,"NO.9-4-251/4, SURAJ DIAMOND BUILDING, AZIZUDDIN ROAD, BUNDER, MANGALORE-575001 KARNATAKA",2424188,MANGALORE,"DAKSHINA KANNADA",KARNATAKA
"TAMILNAD MERCANTILE BANK LIMITED",TMBL0000100,110060002,"NEW DELHI","384-390, LOKE BUILDING, CHANDNI CHOWK, DELHI-110006",23979251,DELHI,"NEW DELHI",DELHI
"TAMILNAD MERCANTILE BANK LIMITED",TMBL0000099,629060008,PADANTHALUMOODU,"17/92, TIRUVANDRUM MAIN ROAD, PADANTHALUMOODU-629194 TAMILNADU",245872,PADANTHALUMOODU,KANNIYAKUMARI,"TAMIL NADU"
"TAMILNAD MERCANTILE BANK LIMITED",TMBL0000098,624060104,PORALOOR,"1/35, 1/36, MAIN ROAD, ODDANCHATREM TALUK, PORALOOR-624616 TAMILNADU",260234,PORULOOR,DINDIGUL,"TAMIL NADU"
"TAMILNAD MERCANTILE BANK LIMITED",TMBL0000097,520060001,VIJAYAWADA,"11-15-5, FIRST FLOOR, VINNAKOTTAVARI STREET, VIJAYAWADA-520001 ANDHRA PRADESH",2564904,VIJAYAWADA,KRISHNA,"ANDHRA PRADESH"
"TAMILNAD MERCANTILE BANK LIMITED",TMBL0000096,600060002,"CHENNAI-MOUNT ROAD","DOOR NO.738, KHIVRAJ MANSION, GROUND FLOOR, ANNASALAI, CHENNAI-600006",28412205,CHENNAI,CHENNAI,"TAMIL NADU"
"TAMILNAD MERCANTILE BANK LIMITED",TMBL0000095,691060002,KOLLAM,"FIST FLOOR, SMV TOWER, CHINNAKADA, PB.NO.313, MAIN ROAD,KOLLAM-691001 KERALA",2741289,KOLLAM,KOLLAM,KERALA
"TAMILNAD MERCANTILE BANK LIMITED",TMBL0000094,609060002,MAYILADUTHURAI,"7-A, DABEERKULAM RD,  AVAYAMBALPURAM, MAYILADUTHURAI-609001 TAMILNADU",225559,MAYURAM(MAYILADUTHURAI),NAGAPATTINAM,"TAMIL NADU"
"TAMILNAD MERCANTILE BANK LIMITED",TMBL0000093,625060003,MADURAI-SIMMAKKAL,"28, NAICKER NEW STREET, SIMMAKKAL, MADURAI-625001 TAMILNADU",2630456,MADURAI,MADURAI,"TAMIL NADU"
"TAMILNAD MERCANTILE BANK LIMITED",TMBL0000092,629060003,EDALAKUDY,"846, CAPE ROAD, KOTTAR PO, EDALAKUDY, NAGERCOIL-629002 TAMILNADU",241904,NAGERCOIL,KANNIYAKUMARI,"TAMIL NADU"
"TAMILNAD MERCANTILE BANK LIMITED",TMBL0000091,641060009,PULIAMPATTI,"158, PALLADAM ROAD, PULIAMPATTI-642002 TAMILNADU",224703,PULIAMPATTI,COIMBOTORE,"TAMIL NADU"
"TAMILNAD MERCANTILE BANK LIMITED",TMBL0000090,641060008,POLLACHI,"1/18, CHELLAM TALKIES ROAD, POLLACHI-642001 TAMILNADU",223339,POLLACHI,COIMBOTORE,"TAMIL NADU"
"TAMILNAD MERCANTILE BANK LIMITED",TMBL0000089,624060102,PALANI,"71-A GANDHI ROAD, PALANI-624601 TAMILNADU",244636,PALANI,DINDIGUL,"TAMIL NADU"
"TAMILNAD MERCANTILE BANK LIMITED",TMBL0000088,560060004,BANGALORE-CANTONMENT,"29-MAHATMA GANDHI ROAD, CANTONMENT, BANGALORE-560001 KARNATAKA",25594359,BANGALORE,"BANGALORE URBAN",KARNATAKA
"TAMILNAD MERCANTILE BANK LIMITED",TMBL0000087,639060002,KARUR,"D.NO.43, COVAI ROAD, PADMA TOWER, FIRST FLOOR, KARUR-639001 TAMILNADU",232093,KARUR,KARUR,"TAMIL NADU"
"TAMILNAD MERCANTILE BANK LIMITED",TMBL0000086,627060018,VENGADAMPATTI,"4/23B,, PAVOORCHATRAM ROAD, MYLAPPAPURAM, VENGADAMPATTI-627415",257401,VENGADAMPATTI,TIRUNELVELI,"TAMIL NADU"
"TAMILNAD MERCANTILE BANK LIMITED",TMBL0000085,612060003,GOVINDAKUDI,"2/52-B, BAZAR STREET, GOVINDAKUDI-612704 TAMILNADU",268438,GOVINDAKUDI,TIRUVARUR,"TAMIL NADU"
"TAMILNAD MERCANTILE BANK LIMITED",TMBL0000084,605060003,CUDDALORE,"91/1, LAWRENCE ROAD, THIRUPPAPULIYUR, DURAI PLAZA, CUDDALORE-607002 TAMILNADU",224524,CUDDALORE,CUDDALORE,"TAMIL NADU"
"TAMILNAD MERCANTILE BANK LIMITED",TMBL0000083,700060002,KOLKATTA,"58-D, NETHAJI SUBAS ROAD, II FLOOR, KOLKATTA-700001 WEST BENGAL",22428044,KOLKATA,KOLKATA,"WEST BENGAL"
"TAMILNAD MERCANTILE BANK LIMITED",TMBL0000082,638060007,VATTUR,"9/1-A, SALEM MAIN ROAD, VIA TIRUCHENGODE, MOREPALAYAM, PILLANATHAM PO. VATTUR-637205 TAMILNADU",236240,VATTUR,NAMAKKAL,"TAMIL NADU"
"TAMILNAD MERCANTILE BANK LIMITED",TMBL0000081,636060009,POTTIREDDIPATTI,"7/278, PONNERI MAIN ROAD, POTTIREDDIPATTI-637013 TAMILNADU",252622,POTTIREDDIPATTI,NAMAKKAL,"TAMIL NADU"
"TAMILNAD MERCANTILE BANK LIMITED",TMBL0000080,636060008,PAVITHRAMPUTHUR,"2/170, RAJAVEETHI, PAVITHRAMPUDUR-637021 TAMILNADU",264544,PAVITHRAMPUDUR,NAMAKKAL,"TAMIL NADU"
"TAMILNAD MERCANTILE BANK LIMITED",TMBL0000079,625060104,VIRALIPATTI,"4/243, MAIN ROAD, VIRALIPATTI-624202 TAMILNADU",251223,VIRALIMAYANPATTI,DINDIGUL,"TAMIL NADU"
"TAMILNAD MERCANTILE BANK LIMITED",TMBL0000078,624060103,KALLIMANDAYAM,"2/109, DHARAPURAM MAIN  ROAD, KALLIMANDAYAM-624616 TAMILNADU",260226,KALLIMANDAYAM,DINDIGUL,"TAMIL NADU"
"TAMILNAD MERCANTILE BANK LIMITED",TMBL0000077,625060103,ODAIPATTI,"11-1-18, MAIN ROAD, MELAPATTI, ODAIPATTI-625540 TAMILNADU",247241,ODAIPATTI,THENI,"TAMIL NADU"
"TAMILNAD MERCANTILE BANK LIMITED",TMBL0000076,585060002,GULBARGA,"NO.3-218, RUKMINI CHAMBERS, ADJACENT TO SUPER MARKET, GULBARGA-585101 KARNATAKA",229938,GULBARGA,GULBERGA,KARNATAKA
"TAMILNAD MERCANTILE BANK LIMITED",TMBL0000075,641060102,TIRUPUR,"DOOR NO.233-236, PALLADAM ROAD, (KAMRAJ ROAD) TIRUPUR-641604 TAMILNADU",2217522,TIRUPUR,COIMBOTORE,"TAMIL NADU"
"TAMILNAD MERCANTILE BANK LIMITED",TMBL0000074,520060102,GUNTUR,"24-2-49, CHAPPALAVARI STREET,RATNAM BAZAR, GUNTUR-522003 ANDHRA PRADESH",2322871,GUNTUR,GUNTUR,"ANDHRA PRADESH"
"TAMILNAD MERCANTILE BANK LIMITED",TMBL0000073,626060102,RAJAPALAYAM,"391-TENKASI ROAD, AISHWARYA COMPLEX, RAJAPALAYAM-626117 TAMILNADU",230370,RAJAPALAIYAM,VIRUDHUNAGAR,"TAMIL NADU"
"TAMILNAD MERCANTILE BANK LIMITED",TMBL0000072,625060303,PANNAIPURAM,"7-2-11,MAIN ROAD, PANNAIPURAM-625524 TAMILNADU",252240,PANNAIPURAM,THENI,"TAMIL NADU"
"TAMILNAD MERCANTILE BANK LIMITED",TMBL0000071,625060107,VALLALNATHI,"MAIN ROAD, GANDAMANAYAKANUR, VALLALNATHI-625517 TAMILNADU",238228,VALLALNATHI,THENI,"TAMIL NADU"
"TAMILNAD MERCANTILE BANK LIMITED",TMBL0000070,625060008,USILAMPATTI,"NO.93, MADURAI ROAD,USILAMPATTI-625532 TAMILNADU",251142,USILAMPATTI,MADURAI,"TAMIL NADU"
"TAMILNAD MERCANTILE BANK LIMITED",TMBL0000069,629060103,ARUMANAI,"7/88A, THATTANKONAM, ARUMANAI-629151 TAMILNADU",287851,ARUMANAI,KANNIYAKUMARI,"TAMIL NADU"
"TAMILNAD MERCANTILE BANK LIMITED",TMBL0000068,627060027,SONAKANVILAI,"164-165 TIRUCHENDUR ROAD, AMMANPURAM, SONAKANVILAI-628201 TAMILNADU",223356,SONAKANVILAI,THOOTHKUDI,"TAMIL NADU"
"TAMILNAD MERCANTILE BANK LIMITED",TMBL0000067,613060002,THANJAVUR,"936, EAST MAIN ROAD, THANJAVUR-613001 TAMILNADU",231574,THANJAVUR,THANJAVUR,"TAMIL NADU"
"TAMILNAD MERCANTILE BANK LIMITED",TMBL0000066,400060002,MUMBAI-MANDVI,"NO.92, KAZI SYED STREET, GORADIA HOUSE, MUMBAI-400003 MAHARASHTRA",23415624,MUMBAI,"GREATER BOMBAY",MAHARASHTRA
"TAMILNAD MERCANTILE BANK LIMITED",TMBL0000065,500060002,HYDERABAD,"15-2-696, SIDDIAMBER BAZAR, KISHANGANG, HYDERABAD-500012 ANDHRA PRADESH",24617542,HYDERABAD,"HYDERABAD URBAN","ANDHRA PRADESH"
"TAMILNAD MERCANTILE BANK LIMITED",TMBL0000064,695060002,THIRUVANANTHAPURAM,"T.C.NO.39/1276(3), FIRST FLOOR, S.P.BHAGYA TOWERS, ATTAKULANGARA, TIRUVANDRUM-695036 KERALA",2461878,THIRUVANANTHAPURAM,TRIVANDRUM,KERALA
"TAMILNAD MERCANTILE BANK LIMITED",TMBL0000063,695060102,KOTTUGAL,"PB/XVI/3014, FIRST FLOOR, ALIF ARCADE, MAIN ROAD, BALARAMAPURAM, KOTTUGAL-695501 KERALA",2400202,BALARAMAPURAM,TRIVANDRUM,KERALA
"TAMILNAD MERCANTILE BANK LIMITED",TMBL0000062,695060003,TIRUPURAM,"NO.T.P.4-212 PAZHAYAKADAI JUNCTION, NEYYATTINKARA(VIA) TIRUPURAM-695133 KERALA",2260972,NEYYATTINKARA,TRIVANDRUM,KERALA
"TAMILNAD MERCANTILE BANK LIMITED",TMBL0000061,625060017,AYYALUR,"ERIYODU ROAD, OPP TO M.P.KALYANA MANDAPAM, AYYALUR-624001 TAMILNADU",231224,AIYALUR,DINDIGUL,"TAMIL NADU"
"TAMILNAD MERCANTILE BANK LIMITED",TMBL0000060,636060003,KANNANKURICHI,"4/153 C, G.V.COMPLEX, YERCAUD MAIN ROAD, KANNANKURICHI, SALEM-636008 TAMILNADU",2405926,SALEM,SALEM,"TAMIL NADU"
"TAMILNAD MERCANTILE BANK LIMITED",TMBL0000059,641060005,"KUMARAPALAYAM PUTHUR","366-D, PERUR MAIN ROAD, SELVAPURAM, KUMARAPALAYAM PUTHUR-641026 TAMILNADU",2346762,"KUMARAPALAYAM PUTHUR",COIMBOTORE,"TAMIL NADU"
"TAMILNAD MERCANTILE BANK LIMITED",TMBL0000058,641060004,PODANUR,"11, CHURCH ROAD, PODANUR-641023 TAMILNADU",2412505,PODANUR,COIMBOTORE,"TAMIL NADU"
"TAMILNAD MERCANTILE BANK LIMITED",TMBL0000057,629060104,KANJAMPURAM,"22/4-C, NITHIRAVILAI JUNCTION, KANJAMPURAM-629154 TAMILNADU",240763,KANJAMPURAM,KANNIYAKUMARI,"TAMIL NADU"
"TAMILNAD MERCANTILE BANK LIMITED",TMBL0000056,626060104,RAYAGIRI,"24/177, GANDHI STREET, RAYAGIRI-627764 TAMILNADU",250233,RAYAGIRI,TIRUNELVELI,"TAMIL NADU"
"TAMILNAD MERCANTILE BANK LIMITED",TMBL0000055,600060003,CHENNAI-T.NAGAR,"25, VENKATNARAYANA ROAD, T.NAGAR, CHENNAI-600017 TAMILNADU",24336672,CHENNAI,CHENNAI,"TAMIL NADU"
"TAMILNAD MERCANTILE BANK LIMITED",TMBL0000054,627060021,PRAHASAPURAM,"PRAHASAPURM BRANCH,NO.145 A, MARGOSCHIS ROAD, NAZARETH, TAMILNADU",277277,PRAHASAPURAM,THOOTHKUDI,"TAMIL NADU"
"TAMILNAD MERCANTILE BANK LIMITED",TMBL0000053,627060032,SIRUTHONDANALLUR,"10-50-B, ERAL-SAWYERPURAM MAIN ROAD, SRUTHONDANALLURI-628802 TAMILNADU",271563,SIRUTHONDANALLUR,THOOTHKUDI,"TAMIL NADU"
"TAMILNAD MERCANTILE BANK LIMITED",TMBL0000052,623060003,SAYALKUDI,"10-288-A, KANYAKUMARI ROAD. SAYALKUDI-623120 TAMILNADU",244223,SAYALKUDI,RAMANATHAPURAM,"TAMIL NADU"
"TAMILNAD MERCANTILE BANK LIMITED",TMBL0000051,625060016,ERIYODU,"2-1-96-F, AYYALUR ROAD, ERIYODU-624702 TAMILNADU",232223,ERIODU,DINDIGUL,"TAMIL NADU"
"TAMILNAD MERCANTILE BANK LIMITED",TMBL0000050,629060013,AGASTHEESWARAM,"12-7-B, COLLEGE ROAD, AGASTHEESWARAM-629701 TAMILNADU",271697,AGASTEESWARAM,KANNIYAKUMARI,"TAMIL NADU"
"TAMILNAD MERCANTILE BANK LIMITED",TMBL0000049,629060009,COLACHEL,"17/W21, MAIN ROAD, COLACHEL-629251 TAMILNADU",225607,COLACHEL,KANNIYAKUMARI,"TAMIL NADU"
"TAMILNAD MERCANTILE BANK LIMITED",TMBL0000048,625060105,CHINNAMANUR,"176-A, CUMBUM MAIN ROAD, K.K.KULAM, CHINNAMANUR-625515 TAMILNADU",248459,CHINNAMANUR,THENI,"TAMIL NADU"
"TAMILNAD MERCANTILE BANK LIMITED",TMBL0000047,629060006,VERKIZHAMBI,"3-130/47B, MAIN ROAD, MEKKAMANDEPAM POST,CHANIVILLAI, VERKIZHAMBI-629166 TAMILNADU",289230,VERKIZHAMBI,KANNIYAKUMARI,"TAMIL NADU"
"TAMILNAD MERCANTILE BANK LIMITED",TMBL0000046,629060007,PALLIYADI,"D.NO.25/65D, VEMPANA VILAI, PALLIYADI-629169 TAMILNADU",267256,PALLIYADI,KANNIYAKUMARI,"TAMIL NADU"
"TAMILNAD MERCANTILE BANK LIMITED",TMBL0000045,605060005,VILLUPURAM,"OLD NO.15, NEW NO.45,GROUND FLOOR KANYA KULAM ROAD, VILLUPURAM-605602 TAMILNADU",223248,VILLUPURAM,VILLUPURAM,"TAMIL NADU"
"TAMILNAD MERCANTILE BANK LIMITED",TMBL0000044,560060002,"BANGALORE CITY","19-F, B.V.K.IYENGAR ROAD, BANGALORE-560009 KARNATAKA",22874675,BANGALORE,"BANGALORE URBAN",KARNATAKA
"TAMILNAD MERCANTILE BANK LIMITED",TMBL0000043,610060002,THIRUVARUR,"29, 29-A, PALLIVASAL STREET, THIRUVARUR-610001 TAMILNADU",220213,TIRUVARUR,TIRUVARUR,"TAMIL NADU"
"TAMILNAD MERCANTILE BANK LIMITED",TMBL0000042,629060015,THICKANAMCODE,"6/19D, KARINGAL ROAD, THICKANAMCODE-629804 TAMILNADU",254246,THIKKANAMCODE,KANNIYAKUMARI,"TAMIL NADU"
"TAMILNAD MERCANTILE BANK LIMITED",TMBL0000041,636060103,BOMMIDI,"G.R.S.HOSPITAL BUILDING, 30/5A, SALEM MAIN ROAD, BOMMIDI-635301 TAMILNADU",244440,BOMMIDI,DHARMAPURI,"TAMIL NADU"
"TAMILNAD MERCANTILE BANK LIMITED",TMBL0000040,627060015,ALANGULAM,"549A,TENKASI MAIN ROAD, ALANGULAM-627851 TAMILNADU",272124,ALANGULAM,TIRUNELVELI,"TAMIL NADU"
"TAMILNAD MERCANTILE BANK LIMITED",TMBL0000039,626060304,KALLOORANI,"109, SAYALKUDI ROAD, KALLOORANI-626105 TAMILNADU",283231,KALLOORANI,VIRUDHUNAGAR,"TAMIL NADU"
"TAMILNAD MERCANTILE BANK LIMITED",TMBL0000038,626060202,ARUPPUKOTTAI,"25,VIRUDHUNAGAR ROAD, ARUPPUKOTTAI-626101 TAMILNADU",220046,ARUPPUKOTTAI,VIRUDHUNAGAR,"TAMIL NADU"
"TAMILNAD MERCANTILE BANK LIMITED",TMBL0000037,612060002,KUMBAKONAM,"63,NAGESWARAN NORTH STREET, KUMBAKONAM-612001 TAMILNADU",2430390,KUMBAKONAM,THANJAVUR,"TAMIL NADU"
"TAMILNAD MERCANTILE BANK LIMITED",TMBL0000036,638060002,ERODE,"KMP TOWER, 41, THEPPAKKULAM STREET, ERODE-638001 TAMILNADU",2256502,ERODE,ERODE,"TAMIL NADU"
"TAMILNAD MERCANTILE BANK LIMITED",TMBL0000035,627060013,PUDUKOTTAI,"4/66, MAIN ROAD, PUDUKOTTAI-628103 TUTICORIN DIST, TAMILNADU",2271301,PUDUKOTTAI,THOOTHKUDI,"TAMIL NADU"
"TAMILNAD MERCANTILE BANK LIMITED",TMBL0000034,627060007,KOVILPATTI,"D.NO.849-860, FIRST FLOOR, PERUMTHALAIVAR KAMARAJ COMMERCIAL COMPLEX MAIN ROAD, KOVILPATTI-628501 TAMILNADU",226954,KOVILPATTI,THOOTHKUDI,"TAMIL NADU"
"TAMILNAD MERCANTILE BANK LIMITED",TMBL0000033,626060403,ELAYIRAMPANNAI,"9/32A, SATTUR MAIN ROAD, ELAYIRAMPANNAI-626201 TAMILNADU",258232,ELAYIRAMPANNAI,VIRUDHUNAGAR,"TAMIL NADU"
"TAMILNAD MERCANTILE BANK LIMITED",TMBL0000032,632060002,VELLORE,"7,MUNDY STREET, VELLORE-632004 TAMILNADU",2232669,VELLORE,VELLORE,"TAMIL NADU"
"TAMILNAD MERCANTILE BANK LIMITED",TMBL0000031,627060019,T.KALLIKULAM,"26-A/5, ST.ANTONY'S WEST CAR STREET, T.KALLIKULAM-627113 TAMILNADU",235127,VALLIOOR,TIRUNELVELI,"TAMIL NADU"
"TAMILNAD MERCANTILE BANK LIMITED",TMBL0000030,627060026,TISAIYANVILAI,"44A,ARPUTHA VINAYAGAR KOIL STREET, TISAYANVILAI-627657",273300,TISAIYANVILLAI,TIRUNELVELI,"TAMIL NADU"
"TAMILNAD MERCANTILE BANK LIMITED",TMBL0000029,627060024,RADHAPURAM,"15,SOUTH CAR STREET, RADHAPURAM-627111 TAMILNADU",254371,RADHAPURAM,TIRUNELVELI,"TAMIL NADU"
"TAMILNAD MERCANTILE BANK LIMITED",TMBL0000028,636060002,SALEM,"126,FORT MAIN ROAD, SHEVAPET, SALEM-636002 TAMILNADU",2213451,SALEM,SALEM,"TAMIL NADU"
"TAMILNAD MERCANTILE BANK LIMITED",TMBL0000027,627060012,MULLAKKADU,"TIRUCHENDUR MAIN ROAD, MULLAKKADU-628005 TAMILNADU",2357824,MULLAKKADU,THOOTHKUDI,"TAMIL NADU"
"TAMILNAD MERCANTILE BANK LIMITED",TMBL0000026,629060014,THALAKKULAM,"16/6-P, NAGERCOIL MAIN ROAD, THALAKKULAM-629802 TAMILNADU",220229,THALAKKULAM,KANNIYAKUMARI,"TAMIL NADU"
"TAMILNAD MERCANTILE BANK LIMITED",TMBL0000025,627060002,TIRUNELVELI,"D.NO.25/15 & 16, FIRST FLOORSWAMY NELLAIYAPPAR HIGH ROAD, TIRUNELVELI-627001 TAMILNADU",2333596,TIRUNELVELI,TIRUNELVELI,"TAMIL NADU"
"TAMILNAD MERCANTILE BANK LIMITED",TMBL0000024,627060028,KAYAMOZHI,"5/105-B,MAIN ROAD, KAYAMOZHI-628205 TAMILNADU",232223,KAYAMOZHI,THOOTHKUDI,"TAMIL NADU"
"TAMILNAD MERCANTILE BANK LIMITED",TMBL0000023,636060006,YERCAUD,"30-27A, MC MOHAN ROAD, YERCAUD-636601 TAMILNADU",222491,YERCAUD,SALEM,"TAMIL NADU"
"TAMILNAD MERCANTILE BANK LIMITED",TMBL0000022,627060029,MEGNANAPURAM,"4/111, TIRUCHENDUR ROAD, MEGNANAPURAM-628210 TAMILNADU",227223,MEGNANAPURAM,THOOTHKUDI,"TAMIL NADU"
"TAMILNAD MERCANTILE BANK LIMITED",TMBL0000021,627060030,KOMMADIKOTTAI,"1/21, MAIN ROAD, KOMADIKOTTAI-628653 TAMILNADU",253237,KOMMADIKOTTAI,THOOTHKUDI,"TAMIL NADU"
"TAMILNAD MERCANTILE BANK LIMITED",TMBL0000020,600060004,CHENNAI-GT,"194, ANNA PILLAI STREET, GEORGE TOWN, CHENNAI-600001 TAMILNADU",25229159,CHENNAI,CHENNAI,"TAMIL NADU"
"TAMILNAD MERCANTILE BANK LIMITED",TMBL0000019,620060002,TRICHY,"209, PALAKKARAI MAIN ROAD, MAILAM CHANDAI, TRICHY-620008 TAMILNADU",2710695,TIRUCHIRAPPALLI,TIRUCHIORAPPALLI,"TAMIL NADU"
"TAMILNAD MERCANTILE BANK LIMITED",TMBL0000018,629060010,ANJUGRAMAM,"7/31, MAIN ROAD, ANJUGRAMAM-629401 TAMILNADU",268292,NAGERCOIL,KANNIYAKUMARI,"TAMIL NADU"
"TAMILNAD MERCANTILE BANK LIMITED",TMBL0000017,626060203,PUDUR,"25-B, ANNA NEDUNSALAI, PUDUR-628905 TAMILNADU",252222,PUDUR,THOOTHKUDI,"TAMIL NADU"
"TAMILNAD MERCANTILE BANK LIMITED",TMBL0000016,641060002,COIMBATORE-MAIN,"122,BIG BAZAR STREET, COIMBATORE-641001 TAMILNADU",2392709,COIMBATORE,COIMBOTORE,"TAMIL NADU"
"TAMILNAD MERCANTILE BANK LIMITED",TMBL0000015,625060005,"NAGAMALAI PUDUKOTTAI","5/69-A, THENI MAIN ROAD, NAGAMALAI PUTHUKOTTAI-625019 TAMILNADU",2459341,MADURAI,MADURAI,"TAMIL NADU"
"TAMILNAD MERCANTILE BANK LIMITED",TMBL0000014,629060012,RAJAKKAMANGALAM,"4-34 G, NAGERCOIL-COLACHAL ROAD, RAJAKKAMANGALAM-629502 TAMILNADU",250225,RAJAKKAMANGALAM,KANNIYAKUMARI,"TAMIL NADU"
"TAMILNAD MERCANTILE BANK LIMITED",TMBL0000013,627060014,PUTHIAMPUTHUR,"NO.12/2A, THATTAPARAI ROAD, PUTHIAMPUTHUR-628402 TAMILNADU",2261222,PUTHIAMPUTHUR,THOOTHKUDI,"TAMIL NADU"
"TAMILNAD MERCANTILE BANK LIMITED",TMBL0000012,627060005,PAVOORCHATRAM,"10/639, MAIN ROAD, PAVOORCHATRAM-627808 TAMILNADU",250654,TIRUNELVELI,TIRUNELVELI,"TAMIL NADU"
"TAMILNAD MERCANTILE BANK LIMITED",TMBL0000011,626060205,KAMUTHI,"NO.7, MUNISIFF ROAD, KAMUTHI, TAMILNADU",223236,KAMUTHI(KAMUDI),RAMANATHAPURAM,"TAMIL NADU"
"TAMILNAD MERCANTILE BANK LIMITED",TMBL0000010,626060103,MUHAVOOR,"29-C/4, KASI RAJA MAIN ROAD, MUHAVOOR-626111 TAMILNADU",245644,MUHAVOOR,VIRUDHUNAGAR,"TAMIL NADU"
"TAMILNAD MERCANTILE BANK LIMITED",TMBL0000009,626060204,VILATHIKULAM,"10/21/A1, ETTAYAPURAM ROAD, VILATHIKULAM-628907 TAMILNADU",233022,VILATHIKULAM,THOOTHKUDI,"TAMIL NADU"
"TAMILNAD MERCANTILE BANK LIMITED",TMBL0000008,600060005,CHENNAI-21,"20,GOLLAWAR AGRAHARAM ROAD, OLD WASHERMENPET, CHENNAI-600021 TAMILNADU",25956245,CHENNAI,CHENNAI,"TAMIL NADU"
"TAMILNAD MERCANTILE BANK LIMITED",TMBL0000007,625060102,THENI,"630, FIRST FLOOR,PERIYAKULAM ROAD, THENI-626531 TAMILNADU",254113,PERIYAKULAM,THENI,"TAMIL NADU"
"TAMILNAD MERCANTILE BANK LIMITED",TMBL0000006,625060012,DINDIGUL,"9, SALAI ROAD, DINDIGUL-624001 TAMILNADU",2430708,DINDIGUL,DINDIGUL,"TAMIL NADU"
"TAMILNAD MERCANTILE BANK LIMITED",TMBL0000005,629060002,NAGERCOIL,"229-A, CHARLES MILLER STREET, COLLEGE ROAD, NAGERCOIL-629001 TAMILNADU",225446,NAGERCOIL,KANNIYAKUMARI,"TAMIL NADU"
"TAMILNAD MERCANTILE BANK LIMITED",TMBL0000004,626060302,VIRUDHUNAGAR,"280, MADURAI ROAD, VIRUDHUNAGAR-626001 TAMILNADU",245341,MADURAI,MADURAI,"TAMIL NADU"
"TAMILNAD MERCANTILE BANK LIMITED",TMBL0000003,626060002,SIVAKASI,"1-2-1 SUVISESHAMUTHU VATHYAR STREET, SIVAKASI-626123 TAMILNADU",225397,SIVAKASI,VIRUDHUNAGAR,"TAMIL NADU"
"TAMILNAD MERCANTILE BANK LIMITED",TMBL0000002,625060002,"MADURAI MAIN.","51, EAST AVANI MOOLA STREET, MADURAI-625001 TAMILNADU",2623672,MADURAI,MADURAI,"TAMIL NADU"
"TAMILNAD MERCANTILE BANK LIMITED",TMBL0000001,627060004,"THOOTHUKUDI MAIN","56 & 57 BEACH ROAD, TUTICORIN-628001 TAMILNADU",2323837,TUTICORIN,THOOTHKUDI,"TAMIL NADU"
